Handle,Title,Body (HTML),Vendor,Product Category,Type,Tags,Published,Option1 Name,Option1 Value,Variant SKU,Variant Grams,Variant Inventory Tracker,Variant Inventory Policy,Variant Fulfillment Service,Variant Price,Variant Compare At Price,Variant Requires Shipping,Variant Taxable,Variant Barcode,Image Src,Image Position,Image Alt Text,Gift Card,SEO Title,SEO Description,Google Shopping / Google Product Category,Google Shopping / Gender,Google Shopping / Age Group,Google Shopping / MPN,Google Shopping / Condition,Google Shopping / Custom Product,Google Shopping / Custom Label 0,Google Shopping / Custom Label 1,Google Shopping / Custom Label 2,Google Shopping / Custom Label 3,Google Shopping / Custom Label 4,Variant Image,Variant Weight Unit,Variant Tax Code,Cost per item,Included / India,Status
dst0118-black,DST0118 Black - Black,"<div class=""product-description"">
<h3>Product Details</h3>
<ul>
<li><strong>Top Fabric:</strong> Ribbed</li>
<li><strong>Pant Fabric:</strong> Ribbed</li>
<li><strong>Color:</strong> Black</li>
<li><strong>Work:</strong> Plain</li>
<li><strong>Neck:</strong> Round</li>
<li><strong>Sleeve:</strong> Short sleeve</li>
<li><strong>Top Type:</strong> Top</li>
<li><strong>Bottom Type:</strong> Trousers/Pants</li>
</ul>

<h3>Fabric & Sizing</h3>
<ul>
<li><strong>Top Length:</strong> Crop</li>
<li><strong>Pant Length:</strong> '40 Inches''</li>
<li><strong>Waist:</strong> Elastic Waistband</li>
<li><strong>Stitching:</strong> Full Stitched</li>
<li><strong>Sizes:</strong> M, L, XL, XXL available</li>
</ul>

<h3>Care & Delivery</h3>
<ul>
<li>Machine wash cold or hand wash</li>
<li>Do not bleach</li>
<li>Delivery within 5-7 business days</li>
</ul>

<p class=""additional-info"">Top Fabric :- Ribbed , Bottom Fabric :- Ribbed , Top Work :- Plain , Bottom Work :- Plain</p>
</div>",Avetsam,Apparel & Accessories > Clothing > Outfits,Co-ord Set,"Co-ord Set, Black, Plain, Ribbed, Full Stitched, Short sleeve, Round, 2-Piece Set",TRUE,Size,M,DST0118_Black-M,400,shopify,deny,manual,895,,TRUE,TRUE,,DST0118_Black (1).jpg,1,DST0118 Black - Black,FALSE,DST0118 Black - Black,"
Product Details

Top Fabric: Ribbed
Pant Fabric: Ribbed
Color: Black
Work: Plain
Neck: Round
Sleeve: Short sleeve
Top Type: Top
Bottom Type: Trousers/Pants


F",Apparel & Accessories > Clothing > Outfits,Female,Adult,,new,FALSE,,,,,,,kg,,,TRUE,active
dst0118-black,,,,,,,,Size,L,DST0118_Black-L,400,shopify,deny,manual,895,,TRUE,TRUE,,,,,,,,,,,,,,,,,,,,kg,,,,
dst0118-black,,,,,,,,Size,XL,DST0118_Black-XL,400,shopify,deny,manual,895,,TRUE,TRUE,,,,,,,,,,,,,,,,,,,,kg,,,,
dst0118-coffe,DST0118 Coffe - Brown,"<div class=""product-description"">
<h3>Product Details</h3>
<ul>
<li><strong>Top Fabric:</strong> Ribbed</li>
<li><strong>Pant Fabric:</strong> Ribbed</li>
<li><strong>Color:</strong> Brown</li>
<li><strong>Work:</strong> Plain</li>
<li><strong>Neck:</strong> Round</li>
<li><strong>Sleeve:</strong> Short sleeve</li>
<li><strong>Top Type:</strong> Top</li>
<li><strong>Bottom Type:</strong> Trousers/Pants</li>
</ul>

<h3>Fabric & Sizing</h3>
<ul>
<li><strong>Top Length:</strong> Crop</li>
<li><strong>Pant Length:</strong> '40 Inches''</li>
<li><strong>Waist:</strong> Elastic Waistband</li>
<li><strong>Stitching:</strong> Full Stitched</li>
<li><strong>Sizes:</strong> M, L, XL, XXL available</li>
</ul>

<h3>Care & Delivery</h3>
<ul>
<li>Machine wash cold or hand wash</li>
<li>Do not bleach</li>
<li>Delivery within 5-7 business days</li>
</ul>

<p class=""additional-info"">Top Fabric :- Ribbed , Bottom Fabric :- Ribbed , Top Work :- Plain , Bottom Work :- Plain</p>
</div>",Avetsam,Apparel & Accessories > Clothing > Outfits,Co-ord Set,"Co-ord Set, Brown, Plain, Ribbed, Full Stitched, Short sleeve, Round, 2-Piece Set",TRUE,Size,M,DST0118_Coffe-M,400,shopify,deny,manual,895,,TRUE,TRUE,,DST0118_Coffe (1).jpg,1,DST0118 Coffe - Brown,FALSE,DST0118 Coffe - Brown,"
Product Details

Top Fabric: Ribbed
Pant Fabric: Ribbed
Color: Brown
Work: Plain
Neck: Round
Sleeve: Short sleeve
Top Type: Top
Bottom Type: Trousers/Pants


F",Apparel & Accessories > Clothing > Outfits,Female,Adult,,new,FALSE,,,,,,,kg,,,TRUE,active
dst0118-coffe,,,,,,,,Size,L,DST0118_Coffe-L,400,shopify,deny,manual,895,,TRUE,TRUE,,,,,,,,,,,,,,,,,,,,kg,,,,
dst0118-coffe,,,,,,,,Size,XL,DST0118_Coffe-XL,400,shopify,deny,manual,895,,TRUE,TRUE,,,,,,,,,,,,,,,,,,,,kg,,,,
dst0118-lightpink,DST0118 Lightpink - Pink,"<div class=""product-description"">
<h3>Product Details</h3>
<ul>
<li><strong>Top Fabric:</strong> Ribbed</li>
<li><strong>Pant Fabric:</strong> Ribbed</li>
<li><strong>Color:</strong> Pink</li>
<li><strong>Work:</strong> Plain</li>
<li><strong>Neck:</strong> Round</li>
<li><strong>Sleeve:</strong> Short sleeve</li>
<li><strong>Top Type:</strong> Top</li>
<li><strong>Bottom Type:</strong> Trousers/Pants</li>
</ul>

<h3>Fabric & Sizing</h3>
<ul>
<li><strong>Top Length:</strong> Crop</li>
<li><strong>Pant Length:</strong> '40 Inches''</li>
<li><strong>Waist:</strong> Elastic Waistband</li>
<li><strong>Stitching:</strong> Full Stitched</li>
<li><strong>Sizes:</strong> M, L, XL, XXL available</li>
</ul>

<h3>Care & Delivery</h3>
<ul>
<li>Machine wash cold or hand wash</li>
<li>Do not bleach</li>
<li>Delivery within 5-7 business days</li>
</ul>

<p class=""additional-info"">Top Fabric :- Ribbed , Bottom Fabric :- Ribbed , Top Work :- Plain , Bottom Work :- Plain</p>
</div>",Avetsam,Apparel & Accessories > Clothing > Outfits,Co-ord Set,"Co-ord Set, Pink, Plain, Ribbed, Full Stitched, Short sleeve, Round, 2-Piece Set",TRUE,Size,M,DST0118_Lightpink-M,400,shopify,deny,manual,895,,TRUE,TRUE,,DST0118_Lightpink (1).jpg,1,DST0118 Lightpink - Pink,FALSE,DST0118 Lightpink - Pink,"
Product Details

Top Fabric: Ribbed
Pant Fabric: Ribbed
Color: Pink
Work: Plain
Neck: Round
Sleeve: Short sleeve
Top Type: Top
Bottom Type: Trousers/Pants


Fa",Apparel & Accessories > Clothing > Outfits,Female,Adult,,new,FALSE,,,,,,,kg,,,TRUE,active
dst0118-lightpink,,,,,,,,Size,L,DST0118_Lightpink-L,400,shopify,deny,manual,895,,TRUE,TRUE,,,,,,,,,,,,,,,,,,,,kg,,,,
dst0118-lightpink,,,,,,,,Size,XL,DST0118_Lightpink-XL,400,shopify,deny,manual,895,,TRUE,TRUE,,,,,,,,,,,,,,,,,,,,kg,,,,
dst0118-maroon,DST0118 Maroon - Maroon,"<div class=""product-description"">
<h3>Product Details</h3>
<ul>
<li><strong>Top Fabric:</strong> Ribbed</li>
<li><strong>Pant Fabric:</strong> Ribbed</li>
<li><strong>Color:</strong> Maroon</li>
<li><strong>Work:</strong> Plain</li>
<li><strong>Neck:</strong> Round</li>
<li><strong>Sleeve:</strong> Short sleeve</li>
<li><strong>Top Type:</strong> Top</li>
<li><strong>Bottom Type:</strong> Trousers/Pants</li>
</ul>

<h3>Fabric & Sizing</h3>
<ul>
<li><strong>Top Length:</strong> Crop</li>
<li><strong>Pant Length:</strong> '40 Inches''</li>
<li><strong>Waist:</strong> Elastic Waistband</li>
<li><strong>Stitching:</strong> Full Stitched</li>
<li><strong>Sizes:</strong> M, L, XL, XXL available</li>
</ul>

<h3>Care & Delivery</h3>
<ul>
<li>Machine wash cold or hand wash</li>
<li>Do not bleach</li>
<li>Delivery within 5-7 business days</li>
</ul>

<p class=""additional-info"">Top Fabric :- Ribbed , Bottom Fabric :- Ribbed , Top Work :- Plain , Bottom Work :- Plain</p>
</div>",Avetsam,Apparel & Accessories > Clothing > Outfits,Co-ord Set,"Co-ord Set, Maroon, Plain, Ribbed, Full Stitched, Short sleeve, Round, 2-Piece Set",TRUE,Size,M,DST0118_Maroon-M,400,shopify,deny,manual,895,,TRUE,TRUE,,,,DST0118 Maroon - Maroon,FALSE,DST0118 Maroon - Maroon,"
Product Details

Top Fabric: Ribbed
Pant Fabric: Ribbed
Color: Maroon
Work: Plain
Neck: Round
Sleeve: Short sleeve
Top Type: Top
Bottom Type: Trousers/Pants


",Apparel & Accessories > Clothing > Outfits,Female,Adult,,new,FALSE,,,,,,,kg,,,TRUE,active
dst0118-maroon,,,,,,,,Size,L,DST0118_Maroon-L,400,shopify,deny,manual,895,,TRUE,TRUE,,,,,,,,,,,,,,,,,,,,kg,,,,
dst0118-maroon,,,,,,,,Size,XL,DST0118_Maroon-XL,400,shopify,deny,manual,895,,TRUE,TRUE,,,,,,,,,,,,,,,,,,,,kg,,,,
dst0118-pista,DST0118 Pista - Pista,"<div class=""product-description"">
<h3>Product Details</h3>
<ul>
<li><strong>Top Fabric:</strong> Ribbed</li>
<li><strong>Pant Fabric:</strong> Ribbed</li>
<li><strong>Color:</strong> Pista</li>
<li><strong>Work:</strong> Plain</li>
<li><strong>Neck:</strong> Round</li>
<li><strong>Sleeve:</strong> Short sleeve</li>
<li><strong>Top Type:</strong> Top</li>
<li><strong>Bottom Type:</strong> Trousers/Pants</li>
</ul>

<h3>Fabric & Sizing</h3>
<ul>
<li><strong>Top Length:</strong> Crop</li>
<li><strong>Pant Length:</strong> '40 Inches''</li>
<li><strong>Waist:</strong> Elastic Waistband</li>
<li><strong>Stitching:</strong> Full Stitched</li>
<li><strong>Sizes:</strong> M, L, XL, XXL available</li>
</ul>

<h3>Care & Delivery</h3>
<ul>
<li>Machine wash cold or hand wash</li>
<li>Do not bleach</li>
<li>Delivery within 5-7 business days</li>
</ul>

<p class=""additional-info"">Top Fabric :- Ribbed , Bottom Fabric :- Ribbed , Top Work :- Plain , Bottom Work :- Plain</p>
</div>",Avetsam,Apparel & Accessories > Clothing > Outfits,Co-ord Set,"Co-ord Set, Pista, Plain, Ribbed, Full Stitched, Short sleeve, Round, 2-Piece Set",TRUE,Size,M,DST0118_Pista-M,400,shopify,deny,manual,895,,TRUE,TRUE,,,,DST0118 Pista - Pista,FALSE,DST0118 Pista - Pista,"
Product Details

Top Fabric: Ribbed
Pant Fabric: Ribbed
Color: Pista
Work: Plain
Neck: Round
Sleeve: Short sleeve
Top Type: Top
Bottom Type: Trousers/Pants


F",Apparel & Accessories > Clothing > Outfits,Female,Adult,,new,FALSE,,,,,,,kg,,,TRUE,active
dst0118-pista,,,,,,,,Size,L,DST0118_Pista-L,400,shopify,deny,manual,895,,TRUE,TRUE,,,,,,,,,,,,,,,,,,,,kg,,,,
dst0118-pista,,,,,,,,Size,XL,DST0118_Pista-XL,400,shopify,deny,manual,895,,TRUE,TRUE,,,,,,,,,,,,,,,,,,,,kg,,,,
co-01-black,CO-01 Black - Black,"<div class=""product-description"">
<h3>Product Details</h3>
<ul>
<li><strong>Top Fabric:</strong> Bindu Bubbal</li>
<li><strong>Pant Fabric:</strong> Bindu Bubbal</li>
<li><strong>Color:</strong> Black</li>
<li><strong>Work:</strong> Embroidery Chain Stitch Work</li>
<li><strong>Neck:</strong> V Neck</li>
<li><strong>Sleeve:</strong> 3/4 Sleeve</li>
<li><strong>Top Type:</strong> Top</li>
<li><strong>Bottom Type:</strong> Trousers/Pants</li>
</ul>

<h3>Fabric & Sizing</h3>
<ul>
<li><strong>Top Length:</strong> Regular</li>
<li><strong>Pant Length:</strong> '40 Inches''</li>
<li><strong>Waist:</strong> Elastic Waistband</li>
<li><strong>Stitching:</strong> Full Stitched</li>
<li><strong>Sizes:</strong> M, L, XL, XXL available</li>
</ul>

<h3>Care & Delivery</h3>
<ul>
<li>Machine wash cold or hand wash</li>
<li>Do not bleach</li>
<li>Delivery within 5-7 business days</li>
</ul>

<p class=""additional-info"">Top Fabric :- Cotton Silk || Bottom Fabric :- Cotton Silk || Top Work Type :- Embroidery Chain Stitch Work || Bottom Work :- Embroidery Chain Stitch Work || Stitched Type :- Full Stitch || Size :- M,L,XL,XXL ||</p>
</div>",Avetsam,Apparel & Accessories > Clothing > Outfits,Co-ord Set,"Co-ord Set, Black, Embroidery Chain Stitch Work, Bindu Bubbal, Full Stitched, 3/4 Sleeve, V Neck, 2-Piece Set",TRUE,Size,M,CO-01_Black-M,400,shopify,deny,manual,1195,,TRUE,TRUE,,,,CO-01 Black - Black,FALSE,CO-01 Black - Black,"
Product Details

Top Fabric: Bindu Bubbal
Pant Fabric: Bindu Bubbal
Color: Black
Work: Embroidery Chain Stitch Work
Neck: V Neck
Sleeve: 3/4 Sleeve
Top Type: T",Apparel & Accessories > Clothing > Outfits,Female,Adult,,new,FALSE,,,,,,,kg,,,TRUE,active
co-01-black,,,,,,,,Size,L,CO-01_Black-L,400,shopify,deny,manual,1195,,TRUE,TRUE,,,,,,,,,,,,,,,,,,,,kg,,,,
co-01-black,,,,,,,,Size,XL,CO-01_Black-XL,400,shopify,deny,manual,1195,,TRUE,TRUE,,,,,,,,,,,,,,,,,,,,kg,,,,
co-01-black,,,,,,,,Size,XXL,CO-01_Black-XXL,400,shopify,deny,manual,1195,,TRUE,TRUE,,,,,,,,,,,,,,,,,,,,kg,,,,
co-01-white,CO-01 White - White,"<div class=""product-description"">
<h3>Product Details</h3>
<ul>
<li><strong>Top Fabric:</strong> Bindu Bubbal</li>
<li><strong>Pant Fabric:</strong> Bindu Bubbal</li>
<li><strong>Color:</strong> White</li>
<li><strong>Work:</strong> Embroidery Chain Stitch Work</li>
<li><strong>Neck:</strong> V Neck</li>
<li><strong>Sleeve:</strong> 3/4 Sleeve</li>
<li><strong>Top Type:</strong> Top</li>
<li><strong>Bottom Type:</strong> Trousers/Pants</li>
</ul>

<h3>Fabric & Sizing</h3>
<ul>
<li><strong>Top Length:</strong> Regular</li>
<li><strong>Pant Length:</strong> '40 Inches''</li>
<li><strong>Waist:</strong> Elastic Waistband</li>
<li><strong>Stitching:</strong> Full Stitched</li>
<li><strong>Sizes:</strong> M, L, XL, XXL available</li>
</ul>

<h3>Care & Delivery</h3>
<ul>
<li>Machine wash cold or hand wash</li>
<li>Do not bleach</li>
<li>Delivery within 5-7 business days</li>
</ul>

<p class=""additional-info"">Top Fabric :- Cotton Silk || Bottom Fabric :- Cotton Silk || Top Work Type :- Embroidery Chain Stitch Work || Bottom Work :- Embroidery Chain Stitch Work || Stitched Type :- FullStitch || Size :- M,L,XL,XXL ||</p>
</div>",Avetsam,Apparel & Accessories > Clothing > Outfits,Co-ord Set,"Co-ord Set, White, Embroidery Chain Stitch Work, Bindu Bubbal, Full Stitched, 3/4 Sleeve, V Neck, 2-Piece Set",TRUE,Size,M,CO-01_White-M,400,shopify,deny,manual,1195,,TRUE,TRUE,,,,CO-01 White - White,FALSE,CO-01 White - White,"
Product Details

Top Fabric: Bindu Bubbal
Pant Fabric: Bindu Bubbal
Color: White
Work: Embroidery Chain Stitch Work
Neck: V Neck
Sleeve: 3/4 Sleeve
Top Type: T",Apparel & Accessories > Clothing > Outfits,Female,Adult,,new,FALSE,,,,,,,kg,,,TRUE,active
co-01-white,,,,,,,,Size,L,CO-01_White-L,400,shopify,deny,manual,1195,,TRUE,TRUE,,,,,,,,,,,,,,,,,,,,kg,,,,
co-01-white,,,,,,,,Size,XL,CO-01_White-XL,400,shopify,deny,manual,1195,,TRUE,TRUE,,,,,,,,,,,,,,,,,,,,kg,,,,
co-01-white,,,,,,,,Size,XXL,CO-01_White-XXL,400,shopify,deny,manual,1195,,TRUE,TRUE,,,,,,,,,,,,,,,,,,,,kg,,,,
co-02-white,CO-02 White - White,"<div class=""product-description"">
<h3>Product Details</h3>
<ul>
<li><strong>Top Fabric:</strong> Cotton</li>
<li><strong>Pant Fabric:</strong> Cotton</li>
<li><strong>Color:</strong> White</li>
<li><strong>Work:</strong> Printed</li>
<li><strong>Neck:</strong> V Neck</li>
<li><strong>Sleeve:</strong> 3/4 Sleeve</li>
<li><strong>Top Type:</strong> Top</li>
<li><strong>Bottom Type:</strong> Trousers/Pants</li>
</ul>

<h3>Fabric & Sizing</h3>
<ul>
<li><strong>Top Length:</strong> Regular</li>
<li><strong>Pant Length:</strong> '40 Inches''</li>
<li><strong>Waist:</strong> Elastic Waistband</li>
<li><strong>Stitching:</strong> Full Stitched</li>
<li><strong>Sizes:</strong> M, L, XL, XXL available</li>
</ul>

<h3>Care & Delivery</h3>
<ul>
<li>Machine wash cold or hand wash</li>
<li>Do not bleach</li>
<li>Delivery within 5-7 business days</li>
</ul>

<p class=""additional-info"">Top Fabric :- Cotton Silk || Bottom Fabric :- Cotton Silk || Top Work Type :- Digital Printed Work || Bottom Work :- Digital Printed Work || Stitched Type :- Full Stitch || Size :- M,L,XL,XXL ||</p>
</div>",Avetsam,Apparel & Accessories > Clothing > Outfits,Co-ord Set,"Co-ord Set, White, Printed, Cotton, Full Stitched, 3/4 Sleeve, V Neck, 2-Piece Set",TRUE,Size,M,CO-02_White-M,400,shopify,deny,manual,1195,,TRUE,TRUE,,,,CO-02 White - White,FALSE,CO-02 White - White,"
Product Details

Top Fabric: Cotton
Pant Fabric: Cotton
Color: White
Work: Printed
Neck: V Neck
Sleeve: 3/4 Sleeve
Top Type: Top
Bottom Type: Trousers/Pants


",Apparel & Accessories > Clothing > Outfits,Female,Adult,,new,FALSE,,,,,,,kg,,,TRUE,active
co-02-white,,,,,,,,Size,L,CO-02_White-L,400,shopify,deny,manual,1195,,TRUE,TRUE,,,,,,,,,,,,,,,,,,,,kg,,,,
co-02-white,,,,,,,,Size,XL,CO-02_White-XL,400,shopify,deny,manual,1195,,TRUE,TRUE,,,,,,,,,,,,,,,,,,,,kg,,,,
co-02-white,,,,,,,,Size,XXL,CO-02_White-XXL,400,shopify,deny,manual,1195,,TRUE,TRUE,,,,,,,,,,,,,,,,,,,,kg,,,,
co-03-pink,CO-03 Pink - Pink,"<div class=""product-description"">
<h3>Product Details</h3>
<ul>
<li><strong>Top Fabric:</strong> Cotton Silk</li>
<li><strong>Pant Fabric:</strong> Cotton Silk</li>
<li><strong>Color:</strong> Pink</li>
<li><strong>Work:</strong> Embroidery Chain Stitch Work</li>
<li><strong>Neck:</strong> Round</li>
<li><strong>Sleeve:</strong> 3/4 Sleeve</li>
<li><strong>Top Type:</strong> Top</li>
<li><strong>Bottom Type:</strong> Trousers/Pants</li>
</ul>

<h3>Fabric & Sizing</h3>
<ul>
<li><strong>Top Length:</strong> Regular</li>
<li><strong>Pant Length:</strong> '40 Inches''</li>
<li><strong>Waist:</strong> Elastic Waistband</li>
<li><strong>Stitching:</strong> Full Stitched</li>
<li><strong>Sizes:</strong> M, L, XL, XXL available</li>
</ul>

<h3>Care & Delivery</h3>
<ul>
<li>Machine wash cold or hand wash</li>
<li>Do not bleach</li>
<li>Delivery within 5-7 business days</li>
</ul>

<p class=""additional-info"">Top Fabric :- Cotton Silk || Bottom Fabric :- Cotton Silk || Top Work Type :- Embroidery Chain Stitch Work || Bottom Work :- Plain Work || Stitched Type :- Full Stitch || Size :- M,L,XL,XXL ||</p>
</div>",Avetsam,Apparel & Accessories > Clothing > Outfits,Co-ord Set,"Co-ord Set, Pink, Embroidery Chain Stitch Work, Cotton Silk, Full Stitched, 3/4 Sleeve, Round, 2-Piece Set",TRUE,Size,S,CO-03_Pink-S,400,shopify,deny,manual,1295,,TRUE,TRUE,,,,CO-03 Pink - Pink,FALSE,CO-03 Pink - Pink,"
Product Details

Top Fabric: Cotton Silk
Pant Fabric: Cotton Silk
Color: Pink
Work: Embroidery Chain Stitch Work
Neck: Round
Sleeve: 3/4 Sleeve
Top Type: Top
B",Apparel & Accessories > Clothing > Outfits,Female,Adult,,new,FALSE,,,,,,,kg,,,TRUE,active
co-03-pink,,,,,,,,Size,M,CO-03_Pink-M,400,shopify,deny,manual,1295,,TRUE,TRUE,,,,,,,,,,,,,,,,,,,,kg,,,,
co-03-pink,,,,,,,,Size,L,CO-03_Pink-L,400,shopify,deny,manual,1295,,TRUE,TRUE,,,,,,,,,,,,,,,,,,,,kg,,,,
co-03-pink,,,,,,,,Size,XL,CO-03_Pink-XL,400,shopify,deny,manual,1295,,TRUE,TRUE,,,,,,,,,,,,,,,,,,,,kg,,,,
co-03-pink,,,,,,,,Size,XXL,CO-03_Pink-XXL,400,shopify,deny,manual,1295,,TRUE,TRUE,,,,,,,,,,,,,,,,,,,,kg,,,,
co-04-black,CO-04 Black - Black,"<div class=""product-description"">
<h3>Product Details</h3>
<ul>
<li><strong>Top Fabric:</strong> Cotton</li>
<li><strong>Pant Fabric:</strong> Cotton</li>
<li><strong>Color:</strong> Black</li>
<li><strong>Work:</strong> Embroidery Chain Stitch Work</li>
<li><strong>Neck:</strong> V Neck</li>
<li><strong>Sleeve:</strong> 3/4 Sleeve</li>
<li><strong>Top Type:</strong> Top</li>
<li><strong>Bottom Type:</strong> Trousers/Pants</li>
</ul>

<h3>Fabric & Sizing</h3>
<ul>
<li><strong>Top Length:</strong> Regular</li>
<li><strong>Pant Length:</strong> '40 Inches''</li>
<li><strong>Waist:</strong> Elastic Waistband</li>
<li><strong>Stitching:</strong> Full Stitched</li>
<li><strong>Sizes:</strong> M, L, XL, XXL available</li>
</ul>

<h3>Care & Delivery</h3>
<ul>
<li>Machine wash cold or hand wash</li>
<li>Do not bleach</li>
<li>Delivery within 5-7 business days</li>
</ul>

<p class=""additional-info"">Top Fabric :- Cotton Silk || Bottom Fabric :- Cotton Silk || Top Work Type :- Embroidery Chain Stitch Work || Bottom Work :- Embroidery Chain Stitch Work || Stitched Type :- Full Stitch || Size :- M,L,XL,XXL ||</p>
</div>",Avetsam,Apparel & Accessories > Clothing > Outfits,Co-ord Set,"Co-ord Set, Black, Embroidery Chain Stitch Work, Cotton, Full Stitched, 3/4 Sleeve, V Neck, 2-Piece Set",TRUE,Size,M,CO-04_Black-M,400,shopify,deny,manual,1295,,TRUE,TRUE,,,,CO-04 Black - Black,FALSE,CO-04 Black - Black,"
Product Details

Top Fabric: Cotton
Pant Fabric: Cotton
Color: Black
Work: Embroidery Chain Stitch Work
Neck: V Neck
Sleeve: 3/4 Sleeve
Top Type: Top
Bottom Ty",Apparel & Accessories > Clothing > Outfits,Female,Adult,,new,FALSE,,,,,,,kg,,,TRUE,active
co-04-black,,,,,,,,Size,L,CO-04_Black-L,400,shopify,deny,manual,1295,,TRUE,TRUE,,,,,,,,,,,,,,,,,,,,kg,,,,
co-04-black,,,,,,,,Size,XL,CO-04_Black-XL,400,shopify,deny,manual,1295,,TRUE,TRUE,,,,,,,,,,,,,,,,,,,,kg,,,,
co-04-black,,,,,,,,Size,XXL,CO-04_Black-XXL,400,shopify,deny,manual,1295,,TRUE,TRUE,,,,,,,,,,,,,,,,,,,,kg,,,,
co-04-brown,CO-04 Brown - Brown,"<div class=""product-description"">
<h3>Product Details</h3>
<ul>
<li><strong>Top Fabric:</strong> Cotton</li>
<li><strong>Pant Fabric:</strong> Cotton</li>
<li><strong>Color:</strong> Brown</li>
<li><strong>Work:</strong> Embroidery Chain Stitch Work</li>
<li><strong>Neck:</strong> V Neck</li>
<li><strong>Sleeve:</strong> 3/4 Sleeve</li>
<li><strong>Top Type:</strong> Top</li>
<li><strong>Bottom Type:</strong> Trousers/Pants</li>
</ul>

<h3>Fabric & Sizing</h3>
<ul>
<li><strong>Top Length:</strong> Regular</li>
<li><strong>Pant Length:</strong> '40 Inches''</li>
<li><strong>Waist:</strong> Elastic Waistband</li>
<li><strong>Stitching:</strong> Full Stitched</li>
<li><strong>Sizes:</strong> M, L, XL, XXL available</li>
</ul>

<h3>Care & Delivery</h3>
<ul>
<li>Machine wash cold or hand wash</li>
<li>Do not bleach</li>
<li>Delivery within 5-7 business days</li>
</ul>

<p class=""additional-info"">Top Fabric :- Cotton Silk || Bottom Fabric :- Cotton Silk || Top Work Type :- Embroidery Chain Stitch Work || Bottom Work :- Embroidery Chain Stitch Work || Stitched Type :- Full Stitch || Size :- M,L,XL,XXL ||</p>
</div>",Avetsam,Apparel & Accessories > Clothing > Outfits,Co-ord Set,"Co-ord Set, Brown, Embroidery Chain Stitch Work, Cotton, Full Stitched, 3/4 Sleeve, V Neck, 2-Piece Set",TRUE,Size,M,CO-04_Brown-M,400,shopify,deny,manual,1295,,TRUE,TRUE,,,,CO-04 Brown - Brown,FALSE,CO-04 Brown - Brown,"
Product Details

Top Fabric: Cotton
Pant Fabric: Cotton
Color: Brown
Work: Embroidery Chain Stitch Work
Neck: V Neck
Sleeve: 3/4 Sleeve
Top Type: Top
Bottom Ty",Apparel & Accessories > Clothing > Outfits,Female,Adult,,new,FALSE,,,,,,,kg,,,TRUE,active
co-04-brown,,,,,,,,Size,L,CO-04_Brown-L,400,shopify,deny,manual,1295,,TRUE,TRUE,,,,,,,,,,,,,,,,,,,,kg,,,,
co-04-brown,,,,,,,,Size,XL,CO-04_Brown-XL,400,shopify,deny,manual,1295,,TRUE,TRUE,,,,,,,,,,,,,,,,,,,,kg,,,,
co-04-brown,,,,,,,,Size,XXL,CO-04_Brown-XXL,400,shopify,deny,manual,1295,,TRUE,TRUE,,,,,,,,,,,,,,,,,,,,kg,,,,
co-04-white,CO-04 White - White,"<div class=""product-description"">
<h3>Product Details</h3>
<ul>
<li><strong>Top Fabric:</strong> Cotton</li>
<li><strong>Pant Fabric:</strong> Cotton</li>
<li><strong>Color:</strong> White</li>
<li><strong>Work:</strong> Embroidery Chain Stitch Work</li>
<li><strong>Neck:</strong> V Neck</li>
<li><strong>Sleeve:</strong> 3/4 Sleeve</li>
<li><strong>Top Type:</strong> Top</li>
<li><strong>Bottom Type:</strong> Trousers/Pants</li>
</ul>

<h3>Fabric & Sizing</h3>
<ul>
<li><strong>Top Length:</strong> Regular</li>
<li><strong>Pant Length:</strong> '40 Inches''</li>
<li><strong>Waist:</strong> Elastic Waistband</li>
<li><strong>Stitching:</strong> Full Stitched</li>
<li><strong>Sizes:</strong> M, L, XL, XXL available</li>
</ul>

<h3>Care & Delivery</h3>
<ul>
<li>Machine wash cold or hand wash</li>
<li>Do not bleach</li>
<li>Delivery within 5-7 business days</li>
</ul>

<p class=""additional-info"">Top Fabric :- Cotton Silk || Bottom Fabric :- Cotton Silk || Top Work Type :- Embroidery Chain Stitch Work || Bottom Work :- Embroidery Chain Stitch Work || Stitched Type :- Full Stitch || Size :- M,L,XL,XXL ||</p>
</div>",Avetsam,Apparel & Accessories > Clothing > Outfits,Co-ord Set,"Co-ord Set, White, Embroidery Chain Stitch Work, Cotton, Full Stitched, 3/4 Sleeve, V Neck, 2-Piece Set",TRUE,Size,M,CO-04_White-M,400,shopify,deny,manual,1295,,TRUE,TRUE,,,,CO-04 White - White,FALSE,CO-04 White - White,"
Product Details

Top Fabric: Cotton
Pant Fabric: Cotton
Color: White
Work: Embroidery Chain Stitch Work
Neck: V Neck
Sleeve: 3/4 Sleeve
Top Type: Top
Bottom Ty",Apparel & Accessories > Clothing > Outfits,Female,Adult,,new,FALSE,,,,,,,kg,,,TRUE,active
co-04-white,,,,,,,,Size,L,CO-04_White-L,400,shopify,deny,manual,1295,,TRUE,TRUE,,,,,,,,,,,,,,,,,,,,kg,,,,
co-04-white,,,,,,,,Size,XL,CO-04_White-XL,400,shopify,deny,manual,1295,,TRUE,TRUE,,,,,,,,,,,,,,,,,,,,kg,,,,
co-04-white,,,,,,,,Size,XXL,CO-04_White-XXL,400,shopify,deny,manual,1295,,TRUE,TRUE,,,,,,,,,,,,,,,,,,,,kg,,,,
co-05-lavender,CO-05 Lavender - Lavender,"<div class=""product-description"">
<h3>Product Details</h3>
<ul>
<li><strong>Top Fabric:</strong> Cotton</li>
<li><strong>Pant Fabric:</strong> Cotton</li>
<li><strong>Color:</strong> Lavender</li>
<li><strong>Work:</strong> Embroidery Multi Thread Work</li>
<li><strong>Neck:</strong> Shirt Collar</li>
<li><strong>Sleeve:</strong> 3/4 Sleeve</li>
<li><strong>Top Type:</strong> Top</li>
<li><strong>Bottom Type:</strong> Trousers/Pants</li>
</ul>

<h3>Fabric & Sizing</h3>
<ul>
<li><strong>Top Length:</strong> Regular</li>
<li><strong>Pant Length:</strong> '40 Inches''</li>
<li><strong>Waist:</strong> Elastic Waistband</li>
<li><strong>Stitching:</strong> Full Stitched</li>
<li><strong>Sizes:</strong> M, L, XL, XXL available</li>
</ul>

<h3>Care & Delivery</h3>
<ul>
<li>Machine wash cold or hand wash</li>
<li>Do not bleach</li>
<li>Delivery within 5-7 business days</li>
</ul>

<p class=""additional-info"">Top Fabric :- Cotton Silk || Bottom Fabric :- Cotton Silk || Top Work Type :- Embroidery Multi Thread Work || Bottom Work :- Embroidery Multi Thread Work || Stitched Type :- Full Stitch || Size :- M,L,XL,XXL ||</p>
</div>",Avetsam,Apparel & Accessories > Clothing > Outfits,Co-ord Set,"Co-ord Set, Lavender, Embroidery Multi Thread Work, Cotton, Full Stitched, 3/4 Sleeve, Shirt Collar, 2-Piece Set",TRUE,Size,M,CO-05_Lavender-M,400,shopify,deny,manual,1395,,TRUE,TRUE,,,,CO-05 Lavender - Lavender,FALSE,CO-05 Lavender - Lavender,"
Product Details

Top Fabric: Cotton
Pant Fabric: Cotton
Color: Lavender
Work: Embroidery Multi Thread Work
Neck: Shirt Collar
Sleeve: 3/4 Sleeve
Top Type: Top
",Apparel & Accessories > Clothing > Outfits,Female,Adult,,new,FALSE,,,,,,,kg,,,TRUE,active
co-05-lavender,,,,,,,,Size,L,CO-05_Lavender-L,400,shopify,deny,manual,1395,,TRUE,TRUE,,,,,,,,,,,,,,,,,,,,kg,,,,
co-05-lavender,,,,,,,,Size,XL,CO-05_Lavender-XL,400,shopify,deny,manual,1395,,TRUE,TRUE,,,,,,,,,,,,,,,,,,,,kg,,,,
co-05-lavender,,,,,,,,Size,XXL,CO-05_Lavender-XXL,400,shopify,deny,manual,1395,,TRUE,TRUE,,,,,,,,,,,,,,,,,,,,kg,,,,
co-05-lpink,CO-05 LPink - Pink,"<div class=""product-description"">
<h3>Product Details</h3>
<ul>
<li><strong>Top Fabric:</strong> Cotton</li>
<li><strong>Pant Fabric:</strong> Cotton</li>
<li><strong>Color:</strong> Pink</li>
<li><strong>Work:</strong> Embroidery Multi Thread Work</li>
<li><strong>Neck:</strong> Shirt Collar</li>
<li><strong>Sleeve:</strong> 3/4 Sleeve</li>
<li><strong>Top Type:</strong> Top</li>
<li><strong>Bottom Type:</strong> Trousers/Pants</li>
</ul>

<h3>Fabric & Sizing</h3>
<ul>
<li><strong>Top Length:</strong> Regular</li>
<li><strong>Pant Length:</strong> '40 Inches''</li>
<li><strong>Waist:</strong> Elastic Waistband</li>
<li><strong>Stitching:</strong> Full Stitched</li>
<li><strong>Sizes:</strong> M, L, XL, XXL available</li>
</ul>

<h3>Care & Delivery</h3>
<ul>
<li>Machine wash cold or hand wash</li>
<li>Do not bleach</li>
<li>Delivery within 5-7 business days</li>
</ul>

<p class=""additional-info"">Top Fabric :- Cotton Silk || Bottom Fabric :- Cotton Silk || Top Work Type :- Embroidery Multi Thread Work || Bottom Work :- Embroidery Multi Thread Work || Stitched Type :- Full Stitch || Size :- M,L,XL,XXL ||</p>
</div>",Avetsam,Apparel & Accessories > Clothing > Outfits,Co-ord Set,"Co-ord Set, Pink, Embroidery Multi Thread Work, Cotton, Full Stitched, 3/4 Sleeve, Shirt Collar, 2-Piece Set",TRUE,Size,M,CO-05_LPink-M,400,shopify,deny,manual,1395,,TRUE,TRUE,,,,CO-05 LPink - Pink,FALSE,CO-05 LPink - Pink,"
Product Details

Top Fabric: Cotton
Pant Fabric: Cotton
Color: Pink
Work: Embroidery Multi Thread Work
Neck: Shirt Collar
Sleeve: 3/4 Sleeve
Top Type: Top
Bott",Apparel & Accessories > Clothing > Outfits,Female,Adult,,new,FALSE,,,,,,,kg,,,TRUE,active
co-05-lpink,,,,,,,,Size,L,CO-05_LPink-L,400,shopify,deny,manual,1395,,TRUE,TRUE,,,,,,,,,,,,,,,,,,,,kg,,,,
co-05-lpink,,,,,,,,Size,XL,CO-05_LPink-XL,400,shopify,deny,manual,1395,,TRUE,TRUE,,,,,,,,,,,,,,,,,,,,kg,,,,
co-05-lpink,,,,,,,,Size,XXL,CO-05_LPink-XXL,400,shopify,deny,manual,1395,,TRUE,TRUE,,,,,,,,,,,,,,,,,,,,kg,,,,
co-05-pista,CO-05 Pista - Pista,"<div class=""product-description"">
<h3>Product Details</h3>
<ul>
<li><strong>Top Fabric:</strong> Cotton</li>
<li><strong>Pant Fabric:</strong> Cotton</li>
<li><strong>Color:</strong> Pista</li>
<li><strong>Work:</strong> Embroidery Multi Thread Work</li>
<li><strong>Neck:</strong> Shirt Collar</li>
<li><strong>Sleeve:</strong> 3/4 Sleeve</li>
<li><strong>Top Type:</strong> Top</li>
<li><strong>Bottom Type:</strong> Trousers/Pants</li>
</ul>

<h3>Fabric & Sizing</h3>
<ul>
<li><strong>Top Length:</strong> Regular</li>
<li><strong>Pant Length:</strong> '40 Inches''</li>
<li><strong>Waist:</strong> Elastic Waistband</li>
<li><strong>Stitching:</strong> Full Stitched</li>
<li><strong>Sizes:</strong> M, L, XL, XXL available</li>
</ul>

<h3>Care & Delivery</h3>
<ul>
<li>Machine wash cold or hand wash</li>
<li>Do not bleach</li>
<li>Delivery within 5-7 business days</li>
</ul>

<p class=""additional-info"">Top Fabric :- Cotton Silk || Bottom Fabric :- Cotton Silk || Top Work Type :- Embroidery Multi Thread Work || Bottom Work :- Embroidery Multi Thread Work || Stitched Type :- Full Stitch || Size :- M,L,XL,XXL ||</p>
</div>",Avetsam,Apparel & Accessories > Clothing > Outfits,Co-ord Set,"Co-ord Set, Pista, Embroidery Multi Thread Work, Cotton, Full Stitched, 3/4 Sleeve, Shirt Collar, 2-Piece Set",TRUE,Size,M,CO-05_Pista-M,400,shopify,deny,manual,1395,,TRUE,TRUE,,,,CO-05 Pista - Pista,FALSE,CO-05 Pista - Pista,"
Product Details

Top Fabric: Cotton
Pant Fabric: Cotton
Color: Pista
Work: Embroidery Multi Thread Work
Neck: Shirt Collar
Sleeve: 3/4 Sleeve
Top Type: Top
Bot",Apparel & Accessories > Clothing > Outfits,Female,Adult,,new,FALSE,,,,,,,kg,,,TRUE,active
co-05-pista,,,,,,,,Size,L,CO-05_Pista-L,400,shopify,deny,manual,1395,,TRUE,TRUE,,,,,,,,,,,,,,,,,,,,kg,,,,
co-05-pista,,,,,,,,Size,XL,CO-05_Pista-XL,400,shopify,deny,manual,1395,,TRUE,TRUE,,,,,,,,,,,,,,,,,,,,kg,,,,
co-05-pista,,,,,,,,Size,XXL,CO-05_Pista-XXL,400,shopify,deny,manual,1395,,TRUE,TRUE,,,,,,,,,,,,,,,,,,,,kg,,,,
co-06-brown,CO-06 Brown - Brown,"<div class=""product-description"">
<h3>Product Details</h3>
<ul>
<li><strong>Top Fabric:</strong> Bindu Bubbal</li>
<li><strong>Pant Fabric:</strong> Bindu Bubbal</li>
<li><strong>Color:</strong> Brown</li>
<li><strong>Work:</strong> Embroidery Multi Thread Work</li>
<li><strong>Neck:</strong> V Neck</li>
<li><strong>Sleeve:</strong> 3/4 Sleeve</li>
<li><strong>Top Type:</strong> Top</li>
<li><strong>Bottom Type:</strong> Trousers/Pants</li>
</ul>

<h3>Fabric & Sizing</h3>
<ul>
<li><strong>Top Length:</strong> Regular</li>
<li><strong>Pant Length:</strong> '40 Inches''</li>
<li><strong>Waist:</strong> Elastic Waistband</li>
<li><strong>Stitching:</strong> Full Stitched</li>
<li><strong>Sizes:</strong> M, L, XL, XXL available</li>
</ul>

<h3>Care & Delivery</h3>
<ul>
<li>Machine wash cold or hand wash</li>
<li>Do not bleach</li>
<li>Delivery within 5-7 business days</li>
</ul>

<p class=""additional-info"">Top Fabric :- Cotton Silk || Bottom Fabric :- Cotton Silk || Top Work Type :- Embroidery Multi Thread Work || Bottom Work :- Plain Work || Stitched Type :- Full Stitch || Size :- M,L,XL,XXL ||</p>
</div>",Avetsam,Apparel & Accessories > Clothing > Outfits,Co-ord Set,"Co-ord Set, Brown, Embroidery Multi Thread Work, Bindu Bubbal, Full Stitched, 3/4 Sleeve, V Neck, 2-Piece Set",TRUE,Size,M,CO-06_Brown-M,400,shopify,deny,manual,1195,,TRUE,TRUE,,,,CO-06 Brown - Brown,FALSE,CO-06 Brown - Brown,"
Product Details

Top Fabric: Bindu Bubbal
Pant Fabric: Bindu Bubbal
Color: Brown
Work: Embroidery Multi Thread Work
Neck: V Neck
Sleeve: 3/4 Sleeve
Top Type: T",Apparel & Accessories > Clothing > Outfits,Female,Adult,,new,FALSE,,,,,,,kg,,,TRUE,active
co-06-brown,,,,,,,,Size,L,CO-06_Brown-L,400,shopify,deny,manual,1195,,TRUE,TRUE,,,,,,,,,,,,,,,,,,,,kg,,,,
co-06-brown,,,,,,,,Size,XL,CO-06_Brown-XL,400,shopify,deny,manual,1195,,TRUE,TRUE,,,,,,,,,,,,,,,,,,,,kg,,,,
co-06-brown,,,,,,,,Size,XXL,CO-06_Brown-XXL,400,shopify,deny,manual,1195,,TRUE,TRUE,,,,,,,,,,,,,,,,,,,,kg,,,,
co-07-maroon,CO-07 Maroon - Maroon,"<div class=""product-description"">
<h3>Product Details</h3>
<ul>
<li><strong>Top Fabric:</strong> Cotton</li>
<li><strong>Pant Fabric:</strong> Cotton</li>
<li><strong>Color:</strong> Maroon</li>
<li><strong>Work:</strong> Embroidery Multi Thread Work</li>
<li><strong>Neck:</strong> Shirt Collar</li>
<li><strong>Sleeve:</strong> 3/4 Sleeve</li>
<li><strong>Top Type:</strong> Top</li>
<li><strong>Bottom Type:</strong> Trousers/Pants</li>
</ul>

<h3>Fabric & Sizing</h3>
<ul>
<li><strong>Top Length:</strong> Regular</li>
<li><strong>Pant Length:</strong> '40 Inches''</li>
<li><strong>Waist:</strong> Elastic Waistband</li>
<li><strong>Stitching:</strong> Full Stitched</li>
<li><strong>Sizes:</strong> M, L, XL, XXL available</li>
</ul>

<h3>Care & Delivery</h3>
<ul>
<li>Machine wash cold or hand wash</li>
<li>Do not bleach</li>
<li>Delivery within 5-7 business days</li>
</ul>

<p class=""additional-info"">Top Fabric :- Cotton Silk || Bottom Fabric :- Cotton Silk || Top Work Type :- Embroidery Multi Thread Work || Bottom Work :- Plain Work || Stitched Type :- Full Stitch || Size :- M,L,XL,XXL ||</p>
</div>",Avetsam,Apparel & Accessories > Clothing > Outfits,Co-ord Set,"Co-ord Set, Maroon, Embroidery Multi Thread Work, Cotton, Full Stitched, 3/4 Sleeve, Shirt Collar, 2-Piece Set",TRUE,Size,M,CO-07_Maroon-M,400,shopify,deny,manual,1195,,TRUE,TRUE,,,,CO-07 Maroon - Maroon,FALSE,CO-07 Maroon - Maroon,"
Product Details

Top Fabric: Cotton
Pant Fabric: Cotton
Color: Maroon
Work: Embroidery Multi Thread Work
Neck: Shirt Collar
Sleeve: 3/4 Sleeve
Top Type: Top
Bo",Apparel & Accessories > Clothing > Outfits,Female,Adult,,new,FALSE,,,,,,,kg,,,TRUE,active
co-07-maroon,,,,,,,,Size,L,CO-07_Maroon-L,400,shopify,deny,manual,1195,,TRUE,TRUE,,,,,,,,,,,,,,,,,,,,kg,,,,
co-07-maroon,,,,,,,,Size,XL,CO-07_Maroon-XL,400,shopify,deny,manual,1195,,TRUE,TRUE,,,,,,,,,,,,,,,,,,,,kg,,,,
co-07-maroon,,,,,,,,Size,XXL,CO-07_Maroon-XXL,400,shopify,deny,manual,1195,,TRUE,TRUE,,,,,,,,,,,,,,,,,,,,kg,,,,
co-07-off-white,CO-07 Off White - Off White,"<div class=""product-description"">
<h3>Product Details</h3>
<ul>
<li><strong>Top Fabric:</strong> Cotton</li>
<li><strong>Pant Fabric:</strong> Cotton</li>
<li><strong>Color:</strong> Off White</li>
<li><strong>Work:</strong> Embroidery Multi Thread Work</li>
<li><strong>Neck:</strong> Shirt Collar</li>
<li><strong>Sleeve:</strong> 3/4 Sleeve</li>
<li><strong>Top Type:</strong> Top</li>
<li><strong>Bottom Type:</strong> Trousers/Pants</li>
</ul>

<h3>Fabric & Sizing</h3>
<ul>
<li><strong>Top Length:</strong> Regular</li>
<li><strong>Pant Length:</strong> '40 Inches''</li>
<li><strong>Waist:</strong> Elastic Waistband</li>
<li><strong>Stitching:</strong> Full Stitched</li>
<li><strong>Sizes:</strong> M, L, XL, XXL available</li>
</ul>

<h3>Care & Delivery</h3>
<ul>
<li>Machine wash cold or hand wash</li>
<li>Do not bleach</li>
<li>Delivery within 5-7 business days</li>
</ul>

<p class=""additional-info"">Top Fabric :- Cotton Silk || Bottom Fabric :- Cotton Silk || Top Work Type :- Embroidery Multi Thread Work || Bottom Work :- Plain Work || Stitched Type :- Full Stitch || Size :- M,L,XL,XXL ||</p>
</div>",Avetsam,Apparel & Accessories > Clothing > Outfits,Co-ord Set,"Co-ord Set, Off White, Embroidery Multi Thread Work, Cotton, Full Stitched, 3/4 Sleeve, Shirt Collar, 2-Piece Set",TRUE,Size,M,CO-07_Off White-M,400,shopify,deny,manual,1195,,TRUE,TRUE,,,,CO-07 Off White - Off White,FALSE,CO-07 Off White - Off White,"
Product Details

Top Fabric: Cotton
Pant Fabric: Cotton
Color: Off White
Work: Embroidery Multi Thread Work
Neck: Shirt Collar
Sleeve: 3/4 Sleeve
Top Type: Top",Apparel & Accessories > Clothing > Outfits,Female,Adult,,new,FALSE,,,,,,,kg,,,TRUE,active
co-07-off-white,,,,,,,,Size,L,CO-07_Off White-L,400,shopify,deny,manual,1195,,TRUE,TRUE,,,,,,,,,,,,,,,,,,,,kg,,,,
co-07-off-white,,,,,,,,Size,XL,CO-07_Off White-XL,400,shopify,deny,manual,1195,,TRUE,TRUE,,,,,,,,,,,,,,,,,,,,kg,,,,
co-07-off-white,,,,,,,,Size,XXL,CO-07_Off White-XXL,400,shopify,deny,manual,1195,,TRUE,TRUE,,,,,,,,,,,,,,,,,,,,kg,,,,
co-07-peach,CO-07 Peach - Pink,"<div class=""product-description"">
<h3>Product Details</h3>
<ul>
<li><strong>Top Fabric:</strong> Cotton</li>
<li><strong>Pant Fabric:</strong> Cotton</li>
<li><strong>Color:</strong> Pink</li>
<li><strong>Work:</strong> Embroidery Multi Thread Work</li>
<li><strong>Neck:</strong> Shirt Collar</li>
<li><strong>Sleeve:</strong> 3/4 Sleeve</li>
<li><strong>Top Type:</strong> Top</li>
<li><strong>Bottom Type:</strong> Trousers/Pants</li>
</ul>

<h3>Fabric & Sizing</h3>
<ul>
<li><strong>Top Length:</strong> Regular</li>
<li><strong>Pant Length:</strong> '40 Inches''</li>
<li><strong>Waist:</strong> Elastic Waistband</li>
<li><strong>Stitching:</strong> Full Stitched</li>
<li><strong>Sizes:</strong> M, L, XL, XXL available</li>
</ul>

<h3>Care & Delivery</h3>
<ul>
<li>Machine wash cold or hand wash</li>
<li>Do not bleach</li>
<li>Delivery within 5-7 business days</li>
</ul>

<p class=""additional-info"">Top Fabric :- Cotton Silk || Bottom Fabric :- Cotton Silk || Top Work Type :- Embroidery Multi Thread Work || Bottom Work :- Plain Work || Stitched Type :- Full Stitch || Size :- M,L,XL,XXL ||</p>
</div>",Avetsam,Apparel & Accessories > Clothing > Outfits,Co-ord Set,"Co-ord Set, Pink, Embroidery Multi Thread Work, Cotton, Full Stitched, 3/4 Sleeve, Shirt Collar, 2-Piece Set",TRUE,Size,M,CO-07_Peach-M,400,shopify,deny,manual,1195,,TRUE,TRUE,,,,CO-07 Peach - Pink,FALSE,CO-07 Peach - Pink,"
Product Details

Top Fabric: Cotton
Pant Fabric: Cotton
Color: Pink
Work: Embroidery Multi Thread Work
Neck: Shirt Collar
Sleeve: 3/4 Sleeve
Top Type: Top
Bott",Apparel & Accessories > Clothing > Outfits,Female,Adult,,new,FALSE,,,,,,,kg,,,TRUE,active
co-07-peach,,,,,,,,Size,L,CO-07_Peach-L,400,shopify,deny,manual,1195,,TRUE,TRUE,,,,,,,,,,,,,,,,,,,,kg,,,,
co-07-peach,,,,,,,,Size,XL,CO-07_Peach-XL,400,shopify,deny,manual,1195,,TRUE,TRUE,,,,,,,,,,,,,,,,,,,,kg,,,,
co-07-peach,,,,,,,,Size,XXL,CO-07_Peach-XXL,400,shopify,deny,manual,1195,,TRUE,TRUE,,,,,,,,,,,,,,,,,,,,kg,,,,
co-08-white,CO-08 White - White,"<div class=""product-description"">
<h3>Product Details</h3>
<ul>
<li><strong>Top Fabric:</strong> Cotton</li>
<li><strong>Pant Fabric:</strong> Cotton</li>
<li><strong>Color:</strong> White</li>
<li><strong>Work:</strong> Embroidery Multi Thread Work</li>
<li><strong>Neck:</strong> Shirt Collar</li>
<li><strong>Sleeve:</strong> 3/4 Sleeve</li>
<li><strong>Top Type:</strong> Top</li>
<li><strong>Bottom Type:</strong> Trousers/Pants</li>
</ul>

<h3>Fabric & Sizing</h3>
<ul>
<li><strong>Top Length:</strong> Regular</li>
<li><strong>Pant Length:</strong> '40 Inches''</li>
<li><strong>Waist:</strong> Elastic Waistband</li>
<li><strong>Stitching:</strong> Full Stitched</li>
<li><strong>Sizes:</strong> M, L, XL, XXL available</li>
</ul>

<h3>Care & Delivery</h3>
<ul>
<li>Machine wash cold or hand wash</li>
<li>Do not bleach</li>
<li>Delivery within 5-7 business days</li>
</ul>

<p class=""additional-info"">Top Fabric :- Cotton Silk || Bottom Fabric :- Cotton Silk || Top Work Type :- Embroidery Multi Thread Work || Bottom Work :- Embroidery Multi Thread Work || Stitched Type :- Full Stitch || Size :- M,L,XL,XXL ||</p>
</div>",Avetsam,Apparel & Accessories > Clothing > Outfits,Co-ord Set,"Co-ord Set, White, Embroidery Multi Thread Work, Cotton, Full Stitched, 3/4 Sleeve, Shirt Collar, 2-Piece Set",TRUE,Size,M,CO-08_White-M,400,shopify,deny,manual,1895,,TRUE,TRUE,,,,CO-08 White - White,FALSE,CO-08 White - White,"
Product Details

Top Fabric: Cotton
Pant Fabric: Cotton
Color: White
Work: Embroidery Multi Thread Work
Neck: Shirt Collar
Sleeve: 3/4 Sleeve
Top Type: Top
Bot",Apparel & Accessories > Clothing > Outfits,Female,Adult,,new,FALSE,,,,,,,kg,,,TRUE,active
co-08-white,,,,,,,,Size,L,CO-08_White-L,400,shopify,deny,manual,1895,,TRUE,TRUE,,,,,,,,,,,,,,,,,,,,kg,,,,
co-08-white,,,,,,,,Size,XL,CO-08_White-XL,400,shopify,deny,manual,1895,,TRUE,TRUE,,,,,,,,,,,,,,,,,,,,kg,,,,
co-08-white,,,,,,,,Size,XXL,CO-08_White-XXL,400,shopify,deny,manual,1895,,TRUE,TRUE,,,,,,,,,,,,,,,,,,,,kg,,,,
co-09-peach,CO-09 Peach - Peach,"<div class=""product-description"">
<h3>Product Details</h3>
<ul>
<li><strong>Top Fabric:</strong> Poly Linen Cotton</li>
<li><strong>Pant Fabric:</strong> Poly Linen Cotton</li>
<li><strong>Color:</strong> Peach</li>
<li><strong>Work:</strong> Embroidery Multi Thread Work</li>
<li><strong>Neck:</strong> Round</li>
<li><strong>Sleeve:</strong> 3/4 Sleeve</li>
<li><strong>Top Type:</strong> Top</li>
<li><strong>Bottom Type:</strong> Trousers/Pants</li>
</ul>

<h3>Fabric & Sizing</h3>
<ul>
<li><strong>Top Length:</strong> Regular</li>
<li><strong>Pant Length:</strong> '40 Inches''</li>
<li><strong>Waist:</strong> Elastic Waistband</li>
<li><strong>Stitching:</strong> Full Stitched</li>
<li><strong>Sizes:</strong> M, L, XL, XXL available</li>
</ul>

<h3>Care & Delivery</h3>
<ul>
<li>Machine wash cold or hand wash</li>
<li>Do not bleach</li>
<li>Delivery within 5-7 business days</li>
</ul>

<p class=""additional-info"">Top Fabric :- Poly Linen Cotton || Bottom Fabric :- Poly Linen Cotton || Top Work Type :- Embroidery Multi Thread Work || Bottom Work :- Plain Work || Stitched Type :- Full Stitch || Size :- M,L,XL,XXL ||</p>
</div>",Avetsam,Apparel & Accessories > Clothing > Outfits,Co-ord Set,"Co-ord Set, Peach, Embroidery Multi Thread Work, Poly Linen Cotton, Full Stitched, 3/4 Sleeve, Round, 2-Piece Set",TRUE,Size,M,CO-09_Peach-M,400,shopify,deny,manual,1195,,TRUE,TRUE,,,,CO-09 Peach - Peach,FALSE,CO-09 Peach - Peach,"
Product Details

Top Fabric: Poly Linen Cotton
Pant Fabric: Poly Linen Cotton
Color: Peach
Work: Embroidery Multi Thread Work
Neck: Round
Sleeve: 3/4 Sleeve
To",Apparel & Accessories > Clothing > Outfits,Female,Adult,,new,FALSE,,,,,,,kg,,,TRUE,active
co-09-peach,,,,,,,,Size,L,CO-09_Peach-L,400,shopify,deny,manual,1195,,TRUE,TRUE,,,,,,,,,,,,,,,,,,,,kg,,,,
co-09-peach,,,,,,,,Size,XL,CO-09_Peach-XL,400,shopify,deny,manual,1195,,TRUE,TRUE,,,,,,,,,,,,,,,,,,,,kg,,,,
co-09-peach,,,,,,,,Size,XXL,CO-09_Peach-XXL,400,shopify,deny,manual,1195,,TRUE,TRUE,,,,,,,,,,,,,,,,,,,,kg,,,,
co-010-pink,CO-010 Pink - Pink,"<div class=""product-description"">
<h3>Product Details</h3>
<ul>
<li><strong>Top Fabric:</strong> Poly Linen Cotton</li>
<li><strong>Pant Fabric:</strong> Poly Linen Cotton</li>
<li><strong>Color:</strong> Pink</li>
<li><strong>Work:</strong> Embroidery Multi Thread Work</li>
<li><strong>Neck:</strong> Shirt Collar</li>
<li><strong>Sleeve:</strong> 3/4 Sleeve</li>
<li><strong>Top Type:</strong> Top</li>
<li><strong>Bottom Type:</strong> Trousers/Pants</li>
</ul>

<h3>Fabric & Sizing</h3>
<ul>
<li><strong>Top Length:</strong> Regular</li>
<li><strong>Pant Length:</strong> '40 Inches''</li>
<li><strong>Waist:</strong> Elastic Waistband</li>
<li><strong>Stitching:</strong> Full Stitched</li>
<li><strong>Sizes:</strong> M, L, XL, XXL available</li>
</ul>

<h3>Care & Delivery</h3>
<ul>
<li>Machine wash cold or hand wash</li>
<li>Do not bleach</li>
<li>Delivery within 5-7 business days</li>
</ul>

<p class=""additional-info"">Top Fabric :- Poly Linen Cotton || Bottom Fabric :- Poly Linen Cotton || Top Work Type :- Embroidery Multi Thread Work || Bottom Work :- Embroidery Multi Thread Work || Stitched Type :- Full Stitch || Size :- M,L,XL,XXL ||</p>
</div>",Avetsam,Apparel & Accessories > Clothing > Outfits,Co-ord Set,"Co-ord Set, Pink, Embroidery Multi Thread Work, Poly Linen Cotton, Full Stitched, 3/4 Sleeve, Shirt Collar, 2-Piece Set",TRUE,Size,M,CO-010_Pink-M,400,shopify,deny,manual,1895,,TRUE,TRUE,,,,CO-010 Pink - Pink,FALSE,CO-010 Pink - Pink,"
Product Details

Top Fabric: Poly Linen Cotton
Pant Fabric: Poly Linen Cotton
Color: Pink
Work: Embroidery Multi Thread Work
Neck: Shirt Collar
Sleeve: 3/4 Sle",Apparel & Accessories > Clothing > Outfits,Female,Adult,,new,FALSE,,,,,,,kg,,,TRUE,active
co-010-pink,,,,,,,,Size,L,CO-010_Pink-L,400,shopify,deny,manual,1895,,TRUE,TRUE,,,,,,,,,,,,,,,,,,,,kg,,,,
co-010-pink,,,,,,,,Size,XL,CO-010_Pink-XL,400,shopify,deny,manual,1895,,TRUE,TRUE,,,,,,,,,,,,,,,,,,,,kg,,,,
co-010-pink,,,,,,,,Size,XXL,CO-010_Pink-XXL,400,shopify,deny,manual,1895,,TRUE,TRUE,,,,,,,,,,,,,,,,,,,,kg,,,,
co-010-tealgreen,CO-010 TealGreen - Tealgreen,"<div class=""product-description"">
<h3>Product Details</h3>
<ul>
<li><strong>Top Fabric:</strong> Poly Linen Cotton</li>
<li><strong>Pant Fabric:</strong> Poly Linen Cotton</li>
<li><strong>Color:</strong> Tealgreen</li>
<li><strong>Work:</strong> Embroidery Multi Thread With Hand Work</li>
<li><strong>Neck:</strong> Shirt Collar</li>
<li><strong>Sleeve:</strong> 3/4 Sleeve</li>
<li><strong>Top Type:</strong> Top</li>
<li><strong>Bottom Type:</strong> Trousers/Pants</li>
</ul>

<h3>Fabric & Sizing</h3>
<ul>
<li><strong>Top Length:</strong> Regular</li>
<li><strong>Pant Length:</strong> '40 Inches''</li>
<li><strong>Waist:</strong> Elastic Waistband</li>
<li><strong>Stitching:</strong> Full Stitched</li>
<li><strong>Sizes:</strong> M, L, XL, XXL available</li>
</ul>

<h3>Care & Delivery</h3>
<ul>
<li>Machine wash cold or hand wash</li>
<li>Do not bleach</li>
<li>Delivery within 5-7 business days</li>
</ul>

<p class=""additional-info"">Top Fabric :- Poly Linen Cotton || Bottom Fabric :- Poly Linen Cotton || Top Work Type :- Embroidery Multi Thread With Hand Work || Bottom Work :- Embroidery Multi Thread With Hand Work || Stitched Type :- Full Stitch || Size :- M,L,XL,XXL ||</p>
</div>",Avetsam,Apparel & Accessories > Clothing > Outfits,Co-ord Set,"Co-ord Set, Tealgreen, Embroidery Multi Thread With Hand Work, Poly Linen Cotton, Full Stitched, 3/4 Sleeve, Shirt Collar, 2-Piece Set",TRUE,Size,M,CO-010_TealGreen-M,400,shopify,deny,manual,1895,,TRUE,TRUE,,,,CO-010 TealGreen - Tealgreen,FALSE,CO-010 TealGreen - Tealgreen,"
Product Details

Top Fabric: Poly Linen Cotton
Pant Fabric: Poly Linen Cotton
Color: Tealgreen
Work: Embroidery Multi Thread With Hand Work
Neck: Shirt Collar
",Apparel & Accessories > Clothing > Outfits,Female,Adult,,new,FALSE,,,,,,,kg,,,TRUE,active
co-010-tealgreen,,,,,,,,Size,L,CO-010_TealGreen-L,400,shopify,deny,manual,1895,,TRUE,TRUE,,,,,,,,,,,,,,,,,,,,kg,,,,
co-010-tealgreen,,,,,,,,Size,XL,CO-010_TealGreen-XL,400,shopify,deny,manual,1895,,TRUE,TRUE,,,,,,,,,,,,,,,,,,,,kg,,,,
co-010-tealgreen,,,,,,,,Size,XXL,CO-010_TealGreen-XXL,400,shopify,deny,manual,1895,,TRUE,TRUE,,,,,,,,,,,,,,,,,,,,kg,,,,
co-011-maroon,CO-011 Maroon - Maroon,"<div class=""product-description"">
<h3>Product Details</h3>
<ul>
<li><strong>Top Fabric:</strong> Poly Linen Cotton</li>
<li><strong>Pant Fabric:</strong> Poly Linen Cotton</li>
<li><strong>Color:</strong> Maroon</li>
<li><strong>Work:</strong> Embroidery Multi Thread With Hand Work</li>
<li><strong>Neck:</strong> Collar</li>
<li><strong>Sleeve:</strong> 3/4 Sleeve</li>
<li><strong>Top Type:</strong> Top</li>
<li><strong>Bottom Type:</strong> Trousers/Pants</li>
</ul>

<h3>Fabric & Sizing</h3>
<ul>
<li><strong>Top Length:</strong> Regular</li>
<li><strong>Pant Length:</strong> '40 Inches''</li>
<li><strong>Waist:</strong> Elastic Waistband</li>
<li><strong>Stitching:</strong> Full Stitched</li>
<li><strong>Sizes:</strong> M, L, XL, XXL available</li>
</ul>

<h3>Care & Delivery</h3>
<ul>
<li>Machine wash cold or hand wash</li>
<li>Do not bleach</li>
<li>Delivery within 5-7 business days</li>
</ul>

<p class=""additional-info"">Top Fabric :- Poly Linen Cotton || Bottom Fabric :- Poly Linen Cotton || Top Work Type :- Embroidery Multi Thread With Hand Work || Bottom Work :- Embroidery Multi Thread With Hand Work || Stitched Type :- Full Stitch || Size :- M,L,XL,XXL ||</p>
</div>",Avetsam,Apparel & Accessories > Clothing > Outfits,Co-ord Set,"Co-ord Set, Maroon, Embroidery Multi Thread With Hand Work, Poly Linen Cotton, Full Stitched, 3/4 Sleeve, Collar, 2-Piece Set",TRUE,Size,M,CO-011_Maroon-M,400,shopify,deny,manual,1895,,TRUE,TRUE,,,,CO-011 Maroon - Maroon,FALSE,CO-011 Maroon - Maroon,"
Product Details

Top Fabric: Poly Linen Cotton
Pant Fabric: Poly Linen Cotton
Color: Maroon
Work: Embroidery Multi Thread With Hand Work
Neck: Collar
Sleeve: 3",Apparel & Accessories > Clothing > Outfits,Female,Adult,,new,FALSE,,,,,,,kg,,,TRUE,active
co-011-maroon,,,,,,,,Size,L,CO-011_Maroon-L,400,shopify,deny,manual,1895,,TRUE,TRUE,,,,,,,,,,,,,,,,,,,,kg,,,,
co-011-maroon,,,,,,,,Size,XL,CO-011_Maroon-XL,400,shopify,deny,manual,1895,,TRUE,TRUE,,,,,,,,,,,,,,,,,,,,kg,,,,
co-011-maroon,,,,,,,,Size,XXL,CO-011_Maroon-XXL,400,shopify,deny,manual,1895,,TRUE,TRUE,,,,,,,,,,,,,,,,,,,,kg,,,,
co-011-pista,CO-011 Pista - Pista,"<div class=""product-description"">
<h3>Product Details</h3>
<ul>
<li><strong>Top Fabric:</strong> Poly Linen Cotton</li>
<li><strong>Pant Fabric:</strong> Poly Linen Cotton</li>
<li><strong>Color:</strong> Pista</li>
<li><strong>Work:</strong> Embroidery Multi Thread Work</li>
<li><strong>Neck:</strong> Collar</li>
<li><strong>Sleeve:</strong> 3/4 Sleeve</li>
<li><strong>Top Type:</strong> Top</li>
<li><strong>Bottom Type:</strong> Trousers/Pants</li>
</ul>

<h3>Fabric & Sizing</h3>
<ul>
<li><strong>Top Length:</strong> Regular</li>
<li><strong>Pant Length:</strong> '40 Inches''</li>
<li><strong>Waist:</strong> Elastic Waistband</li>
<li><strong>Stitching:</strong> Full Stitched</li>
<li><strong>Sizes:</strong> M, L, XL, XXL available</li>
</ul>

<h3>Care & Delivery</h3>
<ul>
<li>Machine wash cold or hand wash</li>
<li>Do not bleach</li>
<li>Delivery within 5-7 business days</li>
</ul>

<p class=""additional-info"">Top Fabric :- Poly Linen Cotton || Bottom Fabric :- Poly Linen Cotton || Top Work Type :- Embroidery Multi Thread Work || Bottom Work :- Embroidery Multi Thread Work || Stitched Type :- Full Stitch || Size :- M,L,XL,XXL ||</p>
</div>",Avetsam,Apparel & Accessories > Clothing > Outfits,Co-ord Set,"Co-ord Set, Pista, Embroidery Multi Thread Work, Poly Linen Cotton, Full Stitched, 3/4 Sleeve, Collar, 2-Piece Set",TRUE,Size,M,CO-011_Pista-M,400,shopify,deny,manual,1895,,TRUE,TRUE,,,,CO-011 Pista - Pista,FALSE,CO-011 Pista - Pista,"
Product Details

Top Fabric: Poly Linen Cotton
Pant Fabric: Poly Linen Cotton
Color: Pista
Work: Embroidery Multi Thread Work
Neck: Collar
Sleeve: 3/4 Sleeve
T",Apparel & Accessories > Clothing > Outfits,Female,Adult,,new,FALSE,,,,,,,kg,,,TRUE,active
co-011-pista,,,,,,,,Size,L,CO-011_Pista-L,400,shopify,deny,manual,1895,,TRUE,TRUE,,,,,,,,,,,,,,,,,,,,kg,,,,
co-011-pista,,,,,,,,Size,XL,CO-011_Pista-XL,400,shopify,deny,manual,1895,,TRUE,TRUE,,,,,,,,,,,,,,,,,,,,kg,,,,
co-011-pista,,,,,,,,Size,XXL,CO-011_Pista-XXL,400,shopify,deny,manual,1895,,TRUE,TRUE,,,,,,,,,,,,,,,,,,,,kg,,,,
co-012-white,CO-012 White - White,"<div class=""product-description"">
<h3>Product Details</h3>
<ul>
<li><strong>Top Fabric:</strong> Pure cotton</li>
<li><strong>Pant Fabric:</strong> Pure cotton</li>
<li><strong>Color:</strong> White</li>
<li><strong>Work:</strong> Embroidery Multi Thread Work</li>
<li><strong>Neck:</strong> Shirt Collar</li>
<li><strong>Sleeve:</strong> 3/4 Sleeve</li>
<li><strong>Top Type:</strong> Top</li>
<li><strong>Bottom Type:</strong> Trousers/Pants</li>
</ul>

<h3>Fabric & Sizing</h3>
<ul>
<li><strong>Top Length:</strong> Regular</li>
<li><strong>Pant Length:</strong> '40 Inches''</li>
<li><strong>Waist:</strong> Elastic Waistband</li>
<li><strong>Stitching:</strong> Full Stitched</li>
<li><strong>Sizes:</strong> M, L, XL, XXL available</li>
</ul>

<h3>Care & Delivery</h3>
<ul>
<li>Machine wash cold or hand wash</li>
<li>Do not bleach</li>
<li>Delivery within 5-7 business days</li>
</ul>

<p class=""additional-info"">Top Fabric :- Cotton Silk || Bottom Fabric :- Cotton Silk || Top Work Type :- Embroidery Multi Thread Work || Bottom Work :- Embroidery Multi Thread Work || Stitched Type :- Full Stitch || Size :- M,L,XL,XXL ||</p>
</div>",Avetsam,Apparel & Accessories > Clothing > Outfits,Co-ord Set,"Co-ord Set, White, Embroidery Multi Thread Work, Pure cotton, Full Stitched, 3/4 Sleeve, Shirt Collar, 2-Piece Set",TRUE,Size,M,CO-012_White-M,400,shopify,deny,manual,1895,,TRUE,TRUE,,,,CO-012 White - White,FALSE,CO-012 White - White,"
Product Details

Top Fabric: Pure cotton
Pant Fabric: Pure cotton
Color: White
Work: Embroidery Multi Thread Work
Neck: Shirt Collar
Sleeve: 3/4 Sleeve
Top Typ",Apparel & Accessories > Clothing > Outfits,Female,Adult,,new,FALSE,,,,,,,kg,,,TRUE,active
co-012-white,,,,,,,,Size,L,CO-012_White-L,400,shopify,deny,manual,1895,,TRUE,TRUE,,,,,,,,,,,,,,,,,,,,kg,,,,
co-012-white,,,,,,,,Size,XL,CO-012_White-XL,400,shopify,deny,manual,1895,,TRUE,TRUE,,,,,,,,,,,,,,,,,,,,kg,,,,
co-012-white,,,,,,,,Size,XXL,CO-012_White-XXL,400,shopify,deny,manual,1895,,TRUE,TRUE,,,,,,,,,,,,,,,,,,,,kg,,,,
co-013-lblue,CO-013 Lblue - Blue,"<div class=""product-description"">
<h3>Product Details</h3>
<ul>
<li><strong>Top Fabric:</strong> Pure cotton</li>
<li><strong>Pant Fabric:</strong> Pure cotton</li>
<li><strong>Color:</strong> Blue</li>
<li><strong>Work:</strong> Embroidery Multi Thread Work</li>
<li><strong>Neck:</strong> Collar</li>
<li><strong>Sleeve:</strong> 3/4 Sleeve</li>
<li><strong>Top Type:</strong> Top</li>
<li><strong>Bottom Type:</strong> Trousers/Pants</li>
</ul>

<h3>Fabric & Sizing</h3>
<ul>
<li><strong>Top Length:</strong> Regular</li>
<li><strong>Pant Length:</strong> '40 Inches''</li>
<li><strong>Waist:</strong> Elastic Waistband</li>
<li><strong>Stitching:</strong> Full Stitched</li>
<li><strong>Sizes:</strong> M, L, XL, XXL available</li>
</ul>

<h3>Care & Delivery</h3>
<ul>
<li>Machine wash cold or hand wash</li>
<li>Do not bleach</li>
<li>Delivery within 5-7 business days</li>
</ul>

<p class=""additional-info"">Top Fabric :- Poly Linen Cotton || Bottom Fabric :- Poly Linen Cotton || Top Work Type :- Embroidery Multi Thread Work || Bottom Work :- Embroidery Multi Thread Work || Stitched Type :- Full Stitch || Size :- M,L,XL,XXL ||</p>
</div>",Avetsam,Apparel & Accessories > Clothing > Outfits,Co-ord Set,"Co-ord Set, Blue, Embroidery Multi Thread Work, Pure cotton, Full Stitched, 3/4 Sleeve, Collar, 2-Piece Set",TRUE,Size,M,CO-013_Lblue-M,400,shopify,deny,manual,1895,,TRUE,TRUE,,,,CO-013 Lblue - Blue,FALSE,CO-013 Lblue - Blue,"
Product Details

Top Fabric: Pure cotton
Pant Fabric: Pure cotton
Color: Blue
Work: Embroidery Multi Thread Work
Neck: Collar
Sleeve: 3/4 Sleeve
Top Type: Top
",Apparel & Accessories > Clothing > Outfits,Female,Adult,,new,FALSE,,,,,,,kg,,,TRUE,active
co-013-lblue,,,,,,,,Size,L,CO-013_Lblue-L,400,shopify,deny,manual,1895,,TRUE,TRUE,,,,,,,,,,,,,,,,,,,,kg,,,,
co-013-lblue,,,,,,,,Size,XL,CO-013_Lblue-XL,400,shopify,deny,manual,1895,,TRUE,TRUE,,,,,,,,,,,,,,,,,,,,kg,,,,
co-013-lblue,,,,,,,,Size,XXL,CO-013_Lblue-XXL,400,shopify,deny,manual,1895,,TRUE,TRUE,,,,,,,,,,,,,,,,,,,,kg,,,,
co-013-sky,CO-013 Sky - Sky,"<div class=""product-description"">
<h3>Product Details</h3>
<ul>
<li><strong>Top Fabric:</strong> Pure cotton</li>
<li><strong>Pant Fabric:</strong> Pure cotton</li>
<li><strong>Color:</strong> Sky</li>
<li><strong>Work:</strong> Embroidery Multi Thread Work</li>
<li><strong>Neck:</strong> Collar</li>
<li><strong>Sleeve:</strong> '40 Inches''</li>
<li><strong>Top Type:</strong> Top</li>
<li><strong>Bottom Type:</strong> Trousers/Pants</li>
</ul>

<h3>Fabric & Sizing</h3>
<ul>
<li><strong>Top Length:</strong> Regular</li>
<li><strong>Pant Length:</strong> '40 Inches''</li>
<li><strong>Waist:</strong> Elastic Waistband</li>
<li><strong>Stitching:</strong> Full Stitched</li>
<li><strong>Sizes:</strong> M, L, XL, XXL available</li>
</ul>

<h3>Care & Delivery</h3>
<ul>
<li>Machine wash cold or hand wash</li>
<li>Do not bleach</li>
<li>Delivery within 5-7 business days</li>
</ul>

<p class=""additional-info"">Top Fabric :- Cotton Silk || Bottom Fabric :- Cotton Silk || Top Work Type :- Embroidery Multi Thread Work || Bottom Work :- Embroidery Multi Thread Work || Stitched Type :- Full Stitch || Size :- M,L,XL,XXL ||</p>
</div>",Avetsam,Apparel & Accessories > Clothing > Outfits,Co-ord Set,"Co-ord Set, Sky, Embroidery Multi Thread Work, Pure cotton, Full Stitched, '40 Inches'', Collar, 2-Piece Set",TRUE,Size,M,CO-013_Sky-M,400,shopify,deny,manual,1895,,TRUE,TRUE,,,,CO-013 Sky - Sky,FALSE,CO-013 Sky - Sky,"
Product Details

Top Fabric: Pure cotton
Pant Fabric: Pure cotton
Color: Sky
Work: Embroidery Multi Thread Work
Neck: Collar
Sleeve: '40 Inches''
Top Type: Top",Apparel & Accessories > Clothing > Outfits,Female,Adult,,new,FALSE,,,,,,,kg,,,TRUE,active
co-013-sky,,,,,,,,Size,L,CO-013_Sky-L,400,shopify,deny,manual,1895,,TRUE,TRUE,,,,,,,,,,,,,,,,,,,,kg,,,,
co-013-sky,,,,,,,,Size,XL,CO-013_Sky-XL,400,shopify,deny,manual,1895,,TRUE,TRUE,,,,,,,,,,,,,,,,,,,,kg,,,,
co-013-sky,,,,,,,,Size,XXL,CO-013_Sky-XXL,400,shopify,deny,manual,1895,,TRUE,TRUE,,,,,,,,,,,,,,,,,,,,kg,,,,