SR NO,SKU NO,Size,B2b Rate,GST,Kurti Fabric,Bottom Fabric,Dupatta Fabric,Inner Fabric,Kurti Length,Bottom Length,Dupatta Length,Neck Type,Sleeve,Sleeve Length,Work,Colour,Stitching Type,Content,Descripation,HSN,Video Link,Image,Image,Image,Image,Image,Image,Image,Image,Image,Image,Image,,,,,,,,
1,40401_Purple,"S(36),M(38),L(40),XL(42)",799,5% Extra,Cotton Silk,NA,NA,NA,54 Inches'',Not Available,Not Available,V-Nack,Full Sleeve,Full Sleeve,Printed,Purple,Full Stitched,Kurti :: 1,Fabric : Cotton Silk || Work: Lace || Length: Ankle Length (54 Inches) || Sleeves: Full Sleeve || Color: Purple,5407,,40401_Purple (1).jpg,https://drive.google.com/file/d/1MCUnxohXydkbxGADBld5MuM47rD461IE/view?usp=drive_link,40401_Purple (3).jpg,40401_Purple (4).jpg,https://drive.google.com/file/d/19Y5wARk48xToP7r-9cmmkJzsbh1Qh7N_/view?usp=drive_link,,40401_Purple (6).jpg,https://drive.google.com/file/d/1dgc0d7Wbs413yzPWM_mV2VnNrHtZ5eeu/view?usp=drive_link,,,,,,,,,,,
2,40402_Lpurple,"S(36),M(38),L(40),XL(42)",1295,5% Extra,Georgette,NA,NA,Crepe,54 Inches'',Not Available,Not Available,V-Nack,Full Sleeve,Full Sleeve,Embroidery Work & printed,Purple,Full Stitched,Kurti :: 1,Fabric : Georgette || Work: Embroidery || Length: Ankle Length (54 Inches) || Sleeves: Full Sleeve || Color: Light Purple,5407,,40402_Lpurple (1).jpg,40402_Lpurple (2).jpg,https://drive.google.com/file/d/1O4VU0uxsfNN4jiYPX8cfYimN2CC0HIcv/view?usp=drive_link,https://drive.google.com/file/d/1rss2VXmvyayI-Rzc9F39qkliYkY_bQ23/view?usp=drive_link,40402_Lpurple (5).jpg,https://drive.google.com/file/d/1MhTrp6KltZl3bFFqVkx2xAzByP0goZGl/view?usp=drive_link,,,,,,,,,,,,,
3,40403_Gmaroon,"S(36),M(38),L(40),XL(42)",1295,5% Extra,Georgette,NA,Georgette,Crepe,58 Inches'',Not Available,2.20 Mtr,V-Nack,Full Sleeve,Full Sleeve,Digitel Printed,Maroon,Full Stitched,"Kurti :: 1 ,Duptta ::1",Fabric : Georgette || Work: Embroidery || Length: Ankle Length (54 Inches) || Sleeves: Full Sleeve || Color: Maroon,5407,,40403_Gmaroon (1).jpg,40403_Gmaroon (2).jpg,40403_Gmaroon (3).jpg,40403_Gmaroon (4).jpg,40403_Gmaroon (5).jpg,https://drive.google.com/file/d/1EB3y_PjWmJDqmMUyLAcnOLeZz5c8OZ3p/view?usp=drive_link,,,,,,,,,,,,,
4,201014_Mendi,"M(38),L(40),XL(42),XXL(44)",1795,5% Extra,Cotton Silk,Cotton Silk,Lian Silk,NA,45 to 48 Inches'',40 Inches'',2.20 Mtr,V-Nack,3/4 Sleve,18 Inch '',Embroidery Work Hand Work,Mahendi,Full Stitched,Kurti :: 1 Bottom ::1 Duptta ::1,"Top Fabric :- Cotton Silk || Bottom Fabric :- Cotton Silk || Dupatta Fabric :- Lian Silk || Kurti Work Type :-Embroidery Work Beads hand Work || Bottom Work :-Embroidery Lace Work || Dupatta Work :-Floral Print Duptta || Stitched Type :- Stitch || Size :- M,L,XL,XXL || Kurti Length :- Ankle Length",5407,https://drive.google.com/file/d/1ECnmTPHxmIsPZNbLYeKBU3uzaFpNt2QI/view?usp=sharing,201014_Mendi (1).jpg,201014_Mendi (2).jpg,201014_Mendi (3).jpg,201014_Mendi (4).jpg,201014_Mendi (5).jpg,201014_Mendi (6).jpg,201014_Mendi (7).jpg,201014_Mendi (8).jpg,https://drive.google.com/file/d/1itokYK_cfb06cL5m5b8f5phnjO5GYcKR/view?usp=drive_link,,,,,,,,,,
5,201015_Purple,"M(38),L(40),XL(42),XXL(44)",1795,5% Extra,Soft Silk,Soft Silk,Soft Silk,NA,45 to 48 Inches'',40 Inches'',2.20 Mtr,Round,3/4 Sleve,18 Inch '',Embroidery Work Sequance Work,Purple,Full Stitched,Kurti :: 1 Bottom ::1 Duptta ::1,"Top Fabric :- Soft Silk || Bottom Fabric :- Soft Silk || Dupatta Fabric :- Soft Silk || Kurti Work Type :-Embroidery Work Sequance Work || Bottom Work :-Embroidery Sequance Lace Work || Dupatta Work :-Embroidery Sequance Work || Stitched Type :- Stitch || Size :- M,L,XL,XXL || Kurti Length :-Ankle Length",5407,https://drive.google.com/file/d/1gRsv-kC5rbOI4tu2zmnx3EsRPV_Tu6Kl/view?usp=sharing,201015_Purple (1).jpg,201015_Purple (2).jpg,201015_Purple (2).jpg,201015_Purple (3).jpg,201015_Purple (4).jpg,201015_Purple (5).jpg,https://drive.google.com/file/d/17bIERVwfjtqZr0e2ad7jnoAiA3nhlnuG/view?usp=drive_link,201015_Purple (7).jpg,201015_Purple (8).jpg,https://drive.google.com/file/d/1KgOwTO_lZZvCYFjjgdN9xtv19-2mRym2/view?usp=drive_link,,,,,,,,,
6,201016_y,"M(38),L(40),XL(42),XXL(44)",1895,5% Extra,Cotton Silk,Cotton Silk,Jequard Simmer Digital Print,NA,45 to 48 Inches'',40 Inches'',2.20 Mtr,Round,3/4 Sleve,18 Inch '',Embroidery Work Hand Work,Yellow,Full Stitched,Kurti :: 1 Bottom ::1 Duptta ::1,"Top Fabric :- Cotton Silk || Bottom Fabric :- Cotton Silk || Dupatta Fabric :- Jequard Simmer Digital Print || Kurti Work Type :-Embroidery Work Beads hand Work || Bottom Work :-Embroidery Lace Work || Dupatta Work :-Floral Printed || Stitched Type :- Stitch || Size :- M,L,XL,XXL || Kurti Length :- Ankle Length",5407,https://drive.google.com/file/d/1BY9kItzTVoGgiR1jRwXbMf4oonJ6hU-A/view?usp=sharing,https://drive.google.com/file/d/19eemnLyIvjHkBJtahzPu5PedNgwkjcEf/view?usp=drive_link,201016_y (2).jpg,201016_y (3).jpg,201016_y (4).jpg,201016_y (5).jpg,201016_y (6).jpg,201016_y (7).jpg,https://drive.google.com/file/d/1jEr0Kz_e0qWs1XE4lm7HyObtZ9o8u3r9/view?usp=drive_link,,,,,,,,,,,
7,201017_Pink,"M(38),L(40),XL(42),XXL(44)",1895,5% Extra,Cotton Silk,Cotton Silk,Jequard Simmer Digital Print,NA,45 to 48 Inches'',40 Inches'',2.20 Mtr,V-Nack,3/4 Sleve,18 Inch '',Embroidery Work Hand Work,Pink,Full Stitched,Kurti :: 1 Bottom ::1 Duptta ::1,"Top Fabric :- Cotton Silk || Bottom Fabric :- Cotton Silk || Dupatta Fabric :- Jequard Simmer Digital Print || Kurti Work Type :-Embroidery Work Beads hand Work || Bottom Work :-Embroidery Lace Work || Dupatta Work :-Floral Printed || Stitched Type :- Stitch || Size :- M,L,XL,XXL || Kurti Length :- Ankle Length",5407,https://drive.google.com/file/d/1_I4ORD56mmq7kqGLScwc0Numa6AqzNFO/view?usp=sharing,201017_Pink (1).jpg,201017_Pink (2).jpg,201017_Pink (3).jpg,201017_Pink (4).jpg,201017_Pink (5).jpg,201017_Pink (6).jpg,201017_Pink (7).jpg,201017_Pink (9).jpg,,,,,,,,,,,
8,201018_black,"M(38),L(40),XL(42),XXL(44)",1895,5% Extra,Viscose shimmer,Viscose shimmer,Simmer Silk,Cotton,45 to 48 Inches'',40 Inches'',2.20 Mtr,Round,3/4 Sleve,18 Inch '',Embroidery Work Hand Work,Black,Full Stitched,Kurti :: 1 Bottom ::1 Duptta ::1,"Top Fabric :- Viscose shimmer || Bottom Fabric :- Viscose shimmer || Dupatta Fabric :- Simmer Silk || Kurti Work Type :- Embroidery Beads Hand Work&Floral Printed || Bottom Work :- Embroidery Lace Work || Dupatta Work :- Floral Printed || Stitched Type :- Stitch || Size :- M,L,XL,XXL || Kurti Length :- Ankle Length",5407,https://drive.google.com/file/d/1lc7nAGVwoaLDl96lZkHmw5PqgsH9-5Zi/view?usp=sharing,201018_Black (1).jpg,https://drive.google.com/file/d/1NzxLzn57rHhHMOtcDtc2NYXkaCfK-cQm/view?usp=drive_link,https://drive.google.com/file/d/1nwEUg-Yf_k7IYAWoV2iEwIle5j8ZBWhu/view?usp=drive_link,201018_Black (10).jpg,201018_Black (11).jpg,201018_Black (12).jpg,https://drive.google.com/file/d/1K2ld4e-ECMf6yxHVYwwW-wWMSSxfQ96y/view?usp=drive_link,,,,,,,,,,,,
9,201019_Dpurple,"M(38),L(40),XL(42),XXL(44)",1895,5% Extra,Simmer Silk,Simmer Silk,Jequard Simmer Digital Print,Cotton,45 to 48 Inches'',40 Inches'',2.20 Mtr,Round,3/4 Sleve,18 Inch '',Embroidery Work Hand Work,Dark Purple,Full Stitched,Kurti :: 1 Bottom ::1 Duptta ::1,"Top Fabric :- Simmer Silk || Bottom Fabric :- Simmer Silk || Dupatta Fabric :- Jequard Simmer Digital Print || Kurti Work Type :-Embroidery Sequance & Beads hand Work || Bottom Work :-Embroidery Lace Work || Dupatta Work :-Floral Print Duptta || Stitched Type :- Stitch || Size :- M,L,XL,XXL || Kurti Length :- Ankle Length",5407,https://drive.google.com/file/d/1YEWBtmnMlBPffj2CHXioMHvqRmhOZxn-/view?usp=sharing,201019_DPurple (1).JPG,201019_DPurple (2).JPG,201019_DPurple (3).JPG,201019_DPurple (4).JPG,201019_DPurple (5).JPG,201019_DPurple (6).JPG,201019_DPurple (7).JPG,201019_DPurple (8).JPG,,,,,,,,,,,
10,201020_Lyellow,"M(38),L(40),XL(42),XXL(44)",1895,5% Extra,Cotton Silk,Cotton Silk,Jequard Simmer Digital Print,NA,45 to 48 Inches'',40 Inches'',2.20 Mtr,Round,3/4 Sleve,18 Inch '',Embroidery Work Hand Work,Light Yellow,Full Stitched,Kurti :: 1 Bottom ::1 Duptta ::1,"Top Fabric :- Cotton Silk || Bottom Fabric :- Cotton Silk || Dupatta Fabric :- Jequard Simmer Digital Print || Kurti Work Type :-Embroidery Sequance Work || Bottom Work :-Plain || Dupatta Work :-Floral Print Duptta || Stitched Type :- Stitch || Size :- M,L,XL,XXL || Kurti Length :-Ankle Length",5407,https://drive.google.com/file/d/1r489LR8rwvdKvw_UJ-RG6GxkZueo1XbS/view?usp=sharing,201020_Lyellow (1).JPG,201020_Lyellow (2).JPG,201020_Lyellow (3).JPG,201020_Lyellow (4).JPG,201020_Lyellow (5).JPG,201020_Lyellow (6).JPG,201020_Lyellow (7).JPG,https://drive.google.com/file/d/1BrAqP5j6Y1E8uFjenO5tK4kd2bnrq_Fu/view?usp=drive_link,,,,,,,,,,,
11,201021_Rani,"M(38),L(40),XL(42),XXL(44)",1895,5% Extra,Soft Silk,Soft Silk,Soft Silk,NA,54 Inches'',40 Inches'',2.20 Mtr,Round,3/4 Sleve,18 Inch '',Embroidery Work Sequance Work,Pink,Full Stitched,Kurti :: 1 Bottom ::1 Duptta ::1,"Top Fabric :- Soft Silk || Bottom Fabric :- Soft Silk || Dupatta Fabric :- Soft Silk || Kurti Work Type :-Embroidery Work Sequance Work || Bottom Work :- Embroidery Sequance Lace Work || Dupatta Work :-Embroidery Sequance Work || Stitched Type :- Stitch || Size :- M,L,XL,XXL || Kurti Length :- Ankle Length",5407,https://drive.google.com/file/d/1-EFW568ZMAbjrpnlRtDQMbjAIC2GPlo3/view?usp=sharing,201021_Rani (1).jpg,https://drive.google.com/file/d/10QzTdN6kf3-A7eDmzcDIFiKRzNjwzXZL/view?usp=drive_link,201021_Rani_(2).jpg,201021_Rani_(4).jpg,201021_Rani_(5).jpg,,,,,,,,,,,,,,
12,201022_Teal,"M(38),L(40),XL(42),XXL(44)",1895,5% Extra,Viscose shimmer,Viscose shimmer,Simmer Silk,cotton,45 to 48 Inches'',40 Inches'',2.20 Mtr,Round,3/4 Sleve,18 Inch '',Embroidery Work Hand Work,Teal,Full Stitched,Kurti :: 1 Bottom ::1 Duptta ::1,"Top Fabric :- Viscose shimmer || Bottom Fabric :- Viscose shimmer || Dupatta Fabric :- Simmer Silk || Kurti Work Type :- Embroidery Beads Hand Work&Floral Printed || Bottom Work :- Embroidery Lace Work || Dupatta Work :- Floral Printed || Stitched Type :- Stitch || Size :- M,L,XL,XXL || Kurti Length :- Ankle Length",5407,https://drive.google.com/file/d/1ANEjKn8HR23vu6lVNtgUQUxwCiqQTf_Y/view?usp=sharing,https://drive.google.com/file/d/1ZBC93jHmSgcpuOuOyl7379elthwsvgAd/view?usp=drive_link,https://drive.google.com/file/d/1MxjTuDP2MzqGqMw_QO3KlAt67f2KpdwP/view?usp=drive_link,https://drive.google.com/file/d/1cbS56FlnX3l1esu2vc3ExKnLSAOnFiVE/view?usp=drive_link,201022_Teal (4).jpg,https://drive.google.com/file/d/1GB1dTeEdaXBxd8kyRLjU0TyInJQhqSbY/view?usp=drive_link,https://drive.google.com/file/d/1S_nw0L23NqC-3cumPpXj9_efs0fkPLXE/view?usp=drive_link,https://drive.google.com/file/d/1yfaLzWYy8DLJ03W5_E6is6DHA1FIrrkO/view?usp=drive_link,,,,,,,,,,,,
13,201023_Beige,"M(38),L(40),XL(42),XXL(44)",1895,5% Extra,Cotton Silk,Cotton Silk,Jequard Simmer Digital Print,NA,45 to 48 Inches'',40 Inches'',2.20 Mtr,V-Nack,3/4 Sleve,18 Inch '',Embroidery Work Hand Work,Beige,Full Stitched,Kurti :: 1 Bottom ::1 Duptta ::1,"Top Fabric :- Cotton Silk || Bottom Fabric :- Cotton Silk || Dupatta Fabric :- Jequard Simmer Digital Print || Kurti Work Type :-Embroidery Sequance & Beads hand Work || Bottom Work :-Embroidery Lace Work || Dupatta Work :-Floral Print Duptta || Stitched Type :- Stitch || Size :- M,L,XL,XXL || Kurti Length :- Ankle Length",5407,https://drive.google.com/file/d/17QQkiY8z5mBgyRx-b97vFTlMTDXQLc0Y/view?usp=sharing,https://drive.google.com/file/d/1_o0MAUyZsmAGR37Tj0hWjjRiIsRvvcRy/view?usp=drive_link,https://drive.google.com/file/d/1TyrSMh7Iy3HRLS-fqBQ63UNVMOlEgIZ3/view?usp=drive_link,https://drive.google.com/file/d/1bEdg4KDK2VT2tjmsCHAQXeCfy_Ad6WNf/view?usp=drive_link,https://drive.google.com/file/d/1n8MDNConY9MtY08Ec4adz4Bc5ExPpO0e/view?usp=drive_link,https://drive.google.com/file/d/1QJT5jWaipURGPx8Xa34MqPPDJzfbAHWe/view?usp=drive_link,https://drive.google.com/file/d/1d_gTeEvl8-xMo7bRLZxFCDfGcwwhcH3k/view?usp=drive_link,https://drive.google.com/file/d/1FeKJd8M6A-e1_plxMsbka1UUIzqaP9fH/view?usp=drive_link,https://drive.google.com/file/d/1-n6jldg4pbnAx8kNd1t4zY3fUrH--oeu/view?usp=drive_link,,,,,,,,,,,
14,201024_tshara,"M(38),L(40),XL(42),XXL(44)",2095,5% Extra,Georgette,Georgette,Georgette,Crepe,45 to 48 Inches'',40 Inches'',2.20 Mtr,Round,3/4 Sleve,18 Inch '',Embroidery Work Hand Work,Teal,Full Stitched,Kurti :: 1 Bottom ::1 Duptta ::1,"Top Fabric :- Georgette || Bottom Fabric :- Georgette || Dupatta Fabric :- Georgette || Kurti Work Type :-Embroidery Chain Stich Work || Bottom Work :-Embroidery Chain Stich Work || Dupatta Work :-Embroidery Chain Stich Work || Stitched Type :- Stitch || Size :- M,L,XL,XXL || Kurti Length :-Ankle Length",5407,https://drive.google.com/file/d/1JfGJ8pY6OLBbZIGQmDwWgVSpPNhr1BTO/view?usp=sharing,https://drive.google.com/file/d/1rjmZxD06AGPOq0h2VmXVP2abksxPV26C/view?usp=drive_link,https://drive.google.com/file/d/12ufsayUYmkJNitXV1osmdWAtFCehHgzm/view?usp=drive_link,https://drive.google.com/file/d/1EhRSvrcb5BrTYcnnkOFxJhg3IBEjYG6x/view?usp=drive_link,https://drive.google.com/file/d/1XtqBgIRYSMrNBH_2pqhw4K0CyM7-3ep2/view?usp=drive_link,https://drive.google.com/file/d/1wwlWhZ-v4nIa4q-e3JFuQAQ-AbPFd0iV/view?usp=drive_link,https://drive.google.com/file/d/1-6fDagix6IQLm2RhhYBduzMMDLNMUmZ5/view?usp=drive_link,https://drive.google.com/file/d/1--S2Xlw5a4OQy7OCU6lLBej1DmnNyOqu/view?usp=drive_link,https://drive.google.com/file/d/1o4ld3GeZZyCDpcvKkw16nac89-a8pZ6p/view?usp=drive_link,,,,,,,,,,,
15,201025_Skirt,"M(38),L(40),XL(42),XXL(44)",1595,5% Extra,Cotton Silk,Jequard,Jequard Simmer Digital Print,NA,45 to 48 Inches'',40 Inches'',2.20 Mtr,Round,3/4 Sleve,18 Inch '',Embroidery Work Hand Work,Pink,Full Stitched,Kurti :: 1 Skirt ::1 Duptta ::1,"Top Fabric :- Cotton Silk || Lehenga Fabric :- Jequard || Dupatta Fabric :- Jequard Simmer Digital Print || Kurti Work Type :-Embroidery Sequance Work || Lehenga Work :-Plain || Dupatta Work :-Floral Print Duptta || Stitched Type :- Stitch || Size :- M,L,XL,XXL || Kurti Length :- Ankle Length",5407,https://drive.google.com/file/d/1rGlU4S8N63y0Q6GSuuUDzSfkwB8A7amS/view?usp=sharing,https://drive.google.com/file/d/1r9-IRC8zQExQdQVjQsI0kPfW4Je57t9U/view?usp=drive_link,https://drive.google.com/file/d/1aJh2v2F7EdcAUtpLtPHQBL314dUxGJNK/view?usp=drive_link,https://drive.google.com/file/d/10xB38ZMc4991CejVNluYQ27IHMf4pU3R/view?usp=drive_link,https://drive.google.com/file/d/1z02o298wRWm2IssEA11PewOmIBz4BKh6/view?usp=drive_link,https://drive.google.com/file/d/1UvQ_1FPko1lZRZz-Gy3AKlarWhuxIC9e/view?usp=drive_link,https://drive.google.com/file/d/1O6zPH577nekZe5NaWZtquM1q_gLveCxB/view?usp=drive_link,https://drive.google.com/file/d/1iI5ZQAUuJk-sAzogzBzlkANGmt-MkNPY/view?usp=drive_link,,,,,,,,,,,,
16,201026_Muster,"M(38),L(40),XL(42),XXL(44)",2095,5% Extra,Cotton Silk,Cotton Silk,Jequard Simmer Digital Print,Cotton,45 to 48 Inches'',40 Inches'',2.20 Mtr,V-Nack,3/4 Sleve,18 Inch '',Embroidery Work Hand Work,Muster,Full Stitched,Kurti :: 1 Bottom ::1 Duptta ::1,"Top Fabric :- Cotton Silk || Bottom Fabric :- Cotton Silk || Dupatta Fabric :- Jequard Simmer Digital Print || Kurti Work Type :-Embroidery Work Beads hand Work || Bottom Work :-Embroidery Lace Work || Dupatta Work :-Floral Print Duptta || Stitched Type :- Stitch || Size :- M,L,XL,XXL || Kurti Length :- Ankle Length",5407,,https://drive.google.com/file/d/1Zno8W_IG3XpgfHvZfu3DNRr1ua_FTytA/view?usp=drive_link,https://drive.google.com/file/d/10-AY_8Or4Yv-1eGvJ0_jgM8qqK8Aphr4/view?usp=drive_link,201026_Musterd (3).jpg,https://drive.google.com/file/d/1hoXcr4IDS6cV9eM5aLwXbMStQBJ9GXpl/view?usp=drive_link,,,,,,,,,,,,,,,
17,201027_Purple,"M(38),L(40),XL(42),XXL(44)",2095,5% Extra,Cotton Silk,Cotton Silk,Jequard Simmer Digital Print,Cotton,45 to 48 Inches'',40 Inches'',2.20 Mtr,V-Nack,3/4 Sleve,18 Inch '',Embroidery Work Hand Work,Purple,Full Stitched,Kurti :: 1 Bottom ::1 Duptta ::1,"Top Fabric :- Cotton Silk || Bottom Fabric :- Cotton Silk || Dupatta Fabric :- Jequard Simmer Digital Print || Kurti Work Type :-Embroidery Work Beads hand Work || Bottom Work :-Embroidery Lace Work || Dupatta Work :-Floral Print Duptta || Stitched Type :- Stitch || Size :- M,L,XL,XXL || Kurti Length :- Ankle Length",5407,,201027_Purple (1).png,201027_Purple (2).png,https://drive.google.com/file/d/1SnUT4RsolBdlSnjHR29jVU_m8wKL4NZ8/view?usp=drive_link,,,,,,,,,,,,,,,,
18,N201027_Purple,"M(38),L(40),XL(42),XXL(44)",2095,5% Extra,Cotton Silk,Cotton Silk,Jequard Simmer Digital Print,Cotton,45 to 48 Inches'',40 Inches'',2.20 Mtr,V-Nack,3/4 Sleve,18 Inch '',Embroidery Work Hand Work,Purple,Full Stitched,Kurti :: 1 Bottom ::1 Duptta ::1,"Top Fabric :- Cotton Silk || Bottom Fabric :- Cotton Silk || Dupatta Fabric :- Jequard Simmer Digital Print || Kurti Work Type :-Embroidery Work Beads hand Work || Bottom Work :-Embroidery Lace Work || Dupatta Work :-Floral Print Duptta || Stitched Type :- Stitch || Size :- M,L,XL,XXL || Kurti Length :- Ankle Length",5407,,N201027_Purple (1).png,N201027_Purple (2).png,https://drive.google.com/file/d/1LPFTCr0480zklN_hXqEKbJrpA-WbH804/view?usp=drive_link,,,,,,,,,,,,,,,,
19,NN201027_Purple,"M(38),L(40),XL(42),XXL(44)",2095,5% Extra,Cotton Silk,Cotton Silk,Jequard Simmer Digital Print,Cotton,45 to 48 Inches'',40 Inches'',2.20 Mtr,V-Nack,3/4 Sleve,18 Inch '',Embroidery Work Hand Work,Purple,Full Stitched,Kurti :: 1 Bottom ::1 Duptta ::1,"Top Fabric :- Cotton Silk || Bottom Fabric :- Cotton Silk || Dupatta Fabric :- Jequard Simmer Digital Print || Kurti Work Type :-Embroidery Work Beads hand Work || Bottom Work :-Embroidery Lace Work || Dupatta Work :-Floral Print Duptta || Stitched Type :- Stitch || Size :- M,L,XL,XXL || Kurti Length :- Ankle Length",5407,,NN201027_Purple (1).png,NN201027_Purple (2).png,https://drive.google.com/file/d/1QjGA4otNU38dn7nGM2hVId3isgJfDhpr/view?usp=drive_link,,,,,,,,,,,,,,,,
20,201028_Black,"M(38),L(40),XL(42),XXL(44)",1896,5% Extra,Cotton Silk,Cotton Silk,Cotton Silk,Cotton,45 to 48 Inches'',40 Inches'',2.20 Mtr,V-Nack,Full Sleeve,Full Sleeve,Embroidery With Sequence Work,Black,Full Stitched,Kurti :: 1 Bottom ::1 Duptta ::1,"Top Fabric :- Cotton Silk || Bottom Fabric :- Cotton Silk || Dupatta Fabric :- Cotton Silk || Kurti Work Type :-Embroidery Sequance Work & Florer Printed || Bottom Work :-Embroidery Lace Work || Dupatta Work :-Floral Print Duptta || Stitched Type :- Stitch || Size :- M,L,XL,XXL || Kurti Length :- Ankle Length",5407,,201028_Black (1).png,201028_Black (2).png,,,,,,,,,,,,,,,,,
21,201028_Green,"M(38),L(40),XL(42),XXL(44)",1896,5% Extra,Cotton Silk,Cotton Silk,Cotton Silk,Cotton,45 to 48 Inches'',40 Inches'',2.20 Mtr,V-Nack,Full Sleeve,Full Sleeve,Embroidery With Sequence Work,Green,Full Stitched,Kurti :: 1 Bottom ::1 Duptta ::1,"Top Fabric :- Cotton Silk || Bottom Fabric :- Cotton Silk || Dupatta Fabric :- Cotton Silk || Kurti Work Type :-Embroidery Sequance Work & Florer Printed || Bottom Work :-Embroidery Lace Work || Dupatta Work :-Floral Print Duptta || Stitched Type :- Stitch || Size :- M,L,XL,XXL || Kurti Length :- Ankle Length",5407,,https://drive.google.com/file/d/178H2yBF_flJkMsmmT9TNdxXLubAqwyfa/view?usp=drive_link,https://drive.google.com/file/d/1YMkljYTd_vVQrzNC2N38hJcvVMtV1XWx/view?usp=drive_link,,,,,,,,,,,,,,,,,
22,201028_Pink,"M(38),L(40),XL(42),XXL(44)",1896,5% Extra,Cotton Silk,Cotton Silk,Cotton Silk,Cotton,45 to 48 Inches'',40 Inches'',2.20 Mtr,V-Nack,Full Sleeve,Full Sleeve,Embroidery With Sequence Work,Pink,Full Stitched,Kurti :: 1 Bottom ::1 Duptta ::1,"Top Fabric :- Cotton Silk || Bottom Fabric :- Cotton Silk || Dupatta Fabric :- Cotton Silk || Kurti Work Type :-Embroidery Sequance Work & Florer Printed || Bottom Work :-Embroidery Lace Work || Dupatta Work :-Floral Print Duptta || Stitched Type :- Stitch || Size :- M,L,XL,XXL || Kurti Length :- Ankle Length",5407,,201028_Pink (1).png,201028_Pink (2).png,,,,,,,,,,,,,,,,,
23,201029_Pink,"M(38),L(40),XL(42),XXL(44)",1896,5% Extra,Cotton Silk,Cotton Silk,Cotton Silk,Cotton,45 to 48 Inches'',40 Inches'',2.20 Mtr,V-Nack,Full Sleeve,Full Sleeve,Embroidery With Sequence Work,Pink,Full Stitched,Kurti :: 1 Bottom ::1 Duptta ::1,"Top Fabric :- Cotton Silk || Bottom Fabric :- Cotton Silk || Dupatta Fabric :- Cotton Silk || Kurti Work Type :-Embroidery Sequance Work & Florer Printed || Bottom Work :-Embroidery Lace Work || Dupatta Work :-Floral Print Duptta || Stitched Type :- Stitch || Size :- M,L,XL,XXL || Kurti Length :- Ankle Length",5407,,201029_Pink (1).jpg,201029_Pink (2).jpg,201029_Pink (3).jpg,201029_Pink (4).jpg,201029_Pink (5).jpg,201029_Pink (6).jpg,,,,,,,,,,,,,
24,201029_Green,"M(38),L(40),XL(42),XXL(44)",1896,5% Extra,Cotton Silk,Cotton Silk,Cotton Silk,Cotton,45 to 48 Inches'',40 Inches'',2.20 Mtr,V-Nack,Full Sleeve,Full Sleeve,Embroidery With Sequence Work,Green,Full Stitched,Kurti :: 1 Bottom ::1 Duptta ::1,"Top Fabric :- Cotton Silk || Bottom Fabric :- Cotton Silk || Dupatta Fabric :- Cotton Silk || Kurti Work Type :-Embroidery Sequance Work & Florer Printed || Bottom Work :-Embroidery Lace Work || Dupatta Work :-Floral Print Duptta || Stitched Type :- Stitch || Size :- M,L,XL,XXL || Kurti Length :- Ankle Length",5407,,201029_Green (1).jpg,201029_Green (2).jpg,201029_Green (3).jpg,https://drive.google.com/file/d/1oond57zosIbei0YyDOClW3iWGb8g2J-i/view?usp=drive_link,201029_Green (5).jpg,https://drive.google.com/file/d/1O9kYe0Hl-RdExSjSLMEGaInxtdmSw-AI/view?usp=drive_link,,,,,,,,,,,,,
25,201029_Black,"M(38),L(40),XL(42),XXL(44)",1896,5% Extra,Cotton Silk,Cotton Silk,Cotton Silk,Cotton,45 to 48 Inches'',40 Inches'',2.20 Mtr,V-Nack,Full Sleeve,Full Sleeve,Embroidery With Sequence Work,Black,Full Stitched,Kurti :: 1 Bottom ::1 Duptta ::1,"Top Fabric :- Cotton Silk || Bottom Fabric :- Cotton Silk || Dupatta Fabric :- Cotton Silk || Kurti Work Type :-Embroidery Sequance Work & Florer Printed || Bottom Work :-Embroidery Lace Work || Dupatta Work :-Floral Print Duptta || Stitched Type :- Stitch || Size :- M,L,XL,XXL || Kurti Length :- Ankle Length",5407,,https://drive.google.com/file/d/10wCRBEkn-QuVCbpmtoMV4Lsh6W_YeM-B/view?usp=drive_link,https://drive.google.com/file/d/1dz9jVROJxqfYCpIQ8l7NTAutOylizV1d/view?usp=drive_link,201029_Black (3).jpg,201029_Black (4).jpg,201029_Black (5).jpg,https://drive.google.com/file/d/1UOkqZRENc3rVzb3x17Iny6pAcNWK9jO5/view?usp=drive_link,,,,,,,,,,,,,
26,201030_Peach,"M(38),L(40),XL(42),XXL(44)",1896,5% Extra,Vatican,Vatican,Chanderi Jacquard,Cotton,45 to 48 Inches'',40 Inches'',2.20 Mtr,Round,3/4 Sleve,18 Inch '',Embroidery With Multi Thread Work,Peach,Full Stitched,Kurti :: 1 Bottom ::1 Duptta ::1,"Top Fabric :- Vatican || Bottom Fabric :- Vatican || Dupatta Fabric :- Chanderi Jequard || Kurti Work Type :-Embroidery With Multi Thread Work|| Bottom Work :-Embroidery Lace Work || Dupatta Work :-Floral Print Duptta || Stitched Type :- Stitch || Size :- M,L,XL,XXL || Kurti Length :- Ankle Length",5407,,201030_Peach (1).jpg,201030_Peach (2).jpg,201030_Peach (3).jpg,201030_Peach (4).jpg,201030_Peach (5).jpg,https://drive.google.com/file/d/1jHEfRnDjLEyrPnqEKz8BYz8lwl7OVCyK/view?usp=drive_link,,,,,,,,,,,,,
27,201030_Lavender,"M(38),L(40),XL(42),XXL(44)",1896,5% Extra,Vatican,Vatican,Chanderi Jacquard,Cotton,45 to 48 Inches'',40 Inches'',2.20 Mtr,Round,3/4 Sleve,18 Inch '',Embroidery With Multi Thread Work,Lavender,Full Stitched,Kurti :: 1 Bottom ::1 Duptta ::1,"Top Fabric :- Vatican || Bottom Fabric :- Vatican || Dupatta Fabric :- Chanderi Jequard || Kurti Work Type :-Embroidery Thread Work || Bottom Work :-Embroidery Lace Work || Dupatta Work :-Floral Print Duptta || Stitched Type :- Stitch || Size :- M,L,XL,XXL || Kurti Length :- Ankle Length",5407,,201030_Purple (1).jpg,201030_Purple (2).jpg,201030_Purple (3).jpg,201030_Purple (4).jpg,201030_Purple (5).jpg,201030_Purple (6).jpg,,,,,,,,,,,,,
28,201030_Grey,"M(38),L(40),XL(42),XXL(44)",1896,5% Extra,Vatican,Vatican,Chanderi Jacquard,Cotton,45 to 48 Inches'',40 Inches'',2.20 Mtr,Round,3/4 Sleve,18 Inch '',Embroidery With Multi Thread Work,Grey,Full Stitched,Kurti :: 1 Bottom ::1 Duptta ::1,"Top Fabric :- Vatican || Bottom Fabric :- Vatican || Dupatta Fabric :- Chanderi Jequard || Kurti Work Type :-Embroidery Thread Work || Bottom Work :-Embroidery Lace Work || Dupatta Work :-Floral Print Duptta || Stitched Type :- Stitch || Size :- M,L,XL,XXL || Kurti Length :- Ankle Length",5407,,201030_Grey (1).jpg,201030_Grey (2).jpg,201030_Grey (3).jpg,201030_Grey (4).jpg,201030_Grey (5).jpg,201030_Grey (6).jpg,,,,,,,,,,,,,
29,201031_Purple,"M(38),L(40),XL(42),XXL(44)",1896,5% Extra,Cotton Silk,Cotton Silk,Jequard Simmer Digital Print,Cotton,45 to 48 Inches'',40 Inches'',2.20 Mtr,Round,3/4 Sleve,18 Inch '',Embroidery Work Hand Work,Purple,Full Stitched,Kurti :: 1 Bottom ::1 Duptta ::1,"Top Fabric :- Cotton Silk || Bottom Fabric :- Cotton Silk || Dupatta Fabric :- Jequard Simmer Digital Print || Kurti Work Type :-Embroidery Sequance Work & Hand Work || Bottom Work :-Embroidery Lace Work || Dupatta Work :-Floral Print Duptta || Stitched Type :- Stitch || Size :- M,L,XL,XXL || Kurti Length :-Ankle Length",5407,,https://drive.google.com/file/d/1IWj-mcn-g78gPTEkZyhlwFha5_O6w4DM/view?usp=drive_link,https://drive.google.com/file/d/15tPKAttxnkBAwz-h0DK8uV75A7ubc3Wf/view?usp=drive_link,https://drive.google.com/file/d/1DmkLqIyjJEHITQnTsPCG795_tApas1Qx/view?usp=drive_link,https://drive.google.com/file/d/1R12lKCcC66MxbeUv__exMxOxXu8OVLat/view?usp=drive_link,https://drive.google.com/file/d/1fK6fVwwplYhojQc87TVqF56Ebzy0jbiN/view?usp=drive_link,https://drive.google.com/file/d/15GQXgnKAt7deP3BjNO8RSlr4C2-iTqSB/view?usp=drive_link,,,,,,,,,,,,,
30,201031_Dusty Lavender,"M(38),L(40),XL(42),XXL(44)",1896,5% Extra,Cotton Silk,Cotton Silk,Jequard Simmer Digital Print,Cotton,45 to 48 Inches'',40 Inches'',2.20 Mtr,Round,3/4 Sleve,18 Inch '',Embroidery Work Hand Work,Lavender,Full Stitched,Kurti :: 1 Bottom ::1 Duptta ::1,"Top Fabric :- Cotton Silk || Bottom Fabric :- Cotton Silk || Dupatta Fabric :- Jequard Simmer Digital Print || Kurti Work Type :-Embroidery Sequance Work & Hand Work || Bottom Work :-Embroidery Lace Work || Dupatta Work :-Floral Print Duptta || Stitched Type :- Stitch || Size :- M,L,XL,XXL || Kurti Length :-Ankle Length",5407,,https://drive.google.com/file/d/1Z5nXQMbHCYd6p-in2Q3z5QR0aC3RYW0B/view?usp=drive_link,https://drive.google.com/file/d/1RQuJ6d1s9D4lCSaYxn61LSNfui8c9Koa/view?usp=drive_link,https://drive.google.com/file/d/1_xlabnwBuce1YGLlT4T2Yka1c3RF0Wnw/view?usp=drive_link,https://drive.google.com/file/d/1dn8KE9L3WtoWv_hR29T9eMNSsIdsEUEy/view?usp=drive_link,https://drive.google.com/file/d/1Ki-AkMUczxgOOkUvbz5FpFaPELjDL5Q_/view?usp=drive_link,https://drive.google.com/file/d/1sH6FwD8OBSGckljg2eXi_bqtK9bdKLDL/view?usp=drive_link,,,,,,,,,,,,,
31,201031_Yellow,"M(38),L(40),XL(42),XXL(44)",1896,5% Extra,Cotton Silk,Cotton Silk,Jequard Simmer Digital Print,Cotton,45 to 48 Inches'',40 Inches'',2.20 Mtr,Round,3/4 Sleve,18 Inch '',Embroidery Work Hand Work,Yellow,Full Stitched,Kurti :: 1 Bottom ::1 Duptta ::1,"Top Fabric :- Cotton Silk || Bottom Fabric :- Cotton Silk || Dupatta Fabric :- Jequard Simmer Digital Print || Kurti Work Type :-Embroidery Sequance Work & Hand Work || Bottom Work :-Embroidery Lace Work || Dupatta Work :-Floral Print Duptta || Stitched Type :- Stitch || Size :- M,L,XL,XXL || Kurti Length :-Ankle Length",5407,,https://drive.google.com/file/d/1vYFXqYCvsIT4uO55pmHqu-u1whD2-fcM/view?usp=drive_link,https://drive.google.com/file/d/180tPdYJBeR1Wzz0Z33inkqUjVlarkQQd/view?usp=drive_link,https://drive.google.com/file/d/1yYRIF4fS5sYJuz3SJDrQs_PrHsYF38eK/view?usp=drive_link,https://drive.google.com/file/d/1KKAsy60eFkdJb1I4-ubQcgHocbb8EbEW/view?usp=drive_link,https://drive.google.com/file/d/1dBNEkgLDn7n3K41sz8aazCPxM6XWIS0M/view?usp=drive_link,,,,,,,,,,,,,,
32,201032_Cream,"M(38),L(40),XL(42),XXL(44)",1896,5% Extra,Cotton Silk,Cotton Silk,Jequard Simmer Digital Print,Cotton,45 to 48 Inches'',40 Inches'',2.20 Mtr,V-Nack,3/4 Sleve,18 Inch '',Embroidery Work Hand Work,Cream,Full Stitched,Kurti :: 1 Bottom ::1 Duptta ::1,"Top Fabric :- Cotton Silk || Bottom Fabric :- Cotton Silk || Dupatta Fabric :- Jequard Simmer Digital Print || Kurti Work Type :-Embroidery Work Beads hand Work || Bottom Work :-Embroidery Lace Work || Dupatta Work :-Floral Print Duptta || Stitched Type :- Stitch || Size :- M,L,XL,XXL || Kurti Length :-Ankle Length",5407,,https://drive.google.com/file/d/19cZPPP3hDxO3a6z8UM2Np9lTatv1EZMl/view?usp=drive_link,https://drive.google.com/file/d/12XEi7LrKOAWXIi5TT19Da1CDkWJq6j6n/view?usp=drive_link,https://drive.google.com/file/d/1AyiTghSYygQNYqEPETtRvJ8zDKOzmS6g/view?usp=drive_link,https://drive.google.com/file/d/14qmWRvhE95nXb2K9HSNGEP-pddKFJbBx/view?usp=drive_link,https://drive.google.com/file/d/1cnR-nHBkF_zF_-l5Gkr4ajsPKnuW1ttj/view?usp=drive_link,https://drive.google.com/file/d/1Wp20AYI_kWhPGIzjbWWMGZl-pPKZTa4b/view?usp=drive_link,https://drive.google.com/file/d/1gTlIjcsYJ4KwLhoqGAAeT_5Rwh3KE446/view?usp=drive_link,https://drive.google.com/file/d/1zw5WGSeT8AGO8rDiWv9IO1U_15kJMHC0/view?usp=drive_link,,,,,,,,,,,
33,201032_Aquablue,"M(38),L(40),XL(42),XXL(44)",1896,5% Extra,Cotton Silk,Cotton Silk,Jequard Simmer Digital Print,Cotton,45 to 48 Inches'',40 Inches'',2.20 Mtr,V-Nack,3/4 Sleve,18 Inch '',Embroidery Work Hand Work,Aquablue,Full Stitched,Kurti :: 1 Bottom ::1 Duptta ::1,"Top Fabric :- Cotton Silk || Bottom Fabric :- Cotton Silk || Dupatta Fabric :- Jequard Simmer Digital Print || Kurti Work Type :-Embroidery Work Beads hand Work || Bottom Work :-Embroidery Lace Work || Dupatta Work :-Floral Print Duptta || Stitched Type :- Stitch || Size :- M,L,XL,XXL || Kurti Length :-Ankle Length",5407,,https://drive.google.com/file/d/1GtP1vH4HhljPfodyxSVc5ffzlcll0bp1/view?usp=drive_link,https://drive.google.com/file/d/1VeF8Ikr-wfN3-UWYJLc6glaegp169CV5/view?usp=drive_link,https://drive.google.com/file/d/1kkEdu1cLpwIrPTf1A74Z3cIdIbwFqCJY/view?usp=drive_link,https://drive.google.com/file/d/11d5e3TAAXGfffc58W7lltSX-A0BOco7a/view?usp=drive_link,,,,,,,,,,,,,,,
34,201033_Green,"M(38),L(40),XL(42),XXL(44)",1795,5% Extra,Jequard Silk,Simmer Silk,Jequard Silk,Cotton,45 to 48 Inches'',40 Inches'',2.20 Mtr,Square,3/4 Sleve,18 Inch '',Woven/printed pattern,Green,Full Stitched,Kurti :: 1 Bottom ::1 Duptta ::1,"Top Fabric :- Jequard Silk || Bottom Fabric :- Simmer Silk || Dupatta Fabric :- Jequard Silk || Kurti Work Type :-Woven/printed pattern Work || Bottom Work :-Plain || Dupatta Work :-woven/printed Dupatta || Stitched Type :- Stitch || Size :- M,L,XL,XXL || Kurti Length :-Ankle Length",5407,,https://drive.google.com/file/d/1NA_0vd4bg4sLng2Qgr19D_dP_hLey5gf/view?usp=drive_link,https://drive.google.com/file/d/180LdxSVjq1Nzj4M7FmsybYxqA4EhxpOH/view?usp=drive_link,https://drive.google.com/file/d/1gXIR28GrqaXPDt38VafOI0WQrva-Utt-/view?usp=drive_link,https://drive.google.com/file/d/13TFlVvNldUfQloUP5C8QQ54newLjPDWq/view?usp=drive_link,,,,,,,,,,,,,,,
35,201033_Lavender,"M(38),L(40),XL(42),XXL(44)",1795,5% Extra,Jequard Silk,Simmer Silk,Jequard Silk,Cotton,45 to 48 Inches'',40 Inches'',2.20 Mtr,Square,3/4 Sleve,18 Inch '',Woven/printed pattern,Lavender,Full Stitched,Kurti :: 1 Bottom ::1 Duptta ::1,"Top Fabric :- Jequard Silk || Bottom Fabric :- Simmer Silk || Dupatta Fabric :- Jequard Silk || Kurti Work Type :-Woven/printed pattern Work || Bottom Work :-Plain || Dupatta Work :-woven/printed Dupatta || Stitched Type :- Stitch || Size :- M,L,XL,XXL || Kurti Length :-Ankle Length",5407,,https://drive.google.com/file/d/1BSGdxeBb6sDKr2QphlRaweSFlICaq0pD/view?usp=drive_link,https://drive.google.com/file/d/1GFmU20dEOrD7Vkrd9b4R89I7594MaxM7/view?usp=drive_link,https://drive.google.com/file/d/1AZksUkz9c6I19pWFAM4XpUTssYNmLVWU/view?usp=drive_link,https://drive.google.com/file/d/1Zwi7vARJZ8bOLbX2-A7wlYmsrjRP-3rx/view?usp=drive_link,https://drive.google.com/file/d/1OGrscuCrirbJgvPVPlv4QOZyx9Qdt8er/view?usp=drive_link,,,,,,,,,,,,,,
36,201033_Pink,"M(38),L(40),XL(42),XXL(44)",1795,5% Extra,Jequard Silk,Simmer Silk,Jequard Silk,Cotton,45 to 48 Inches'',40 Inches'',2.20 Mtr,Square,3/4 Sleve,18 Inch '',Woven/printed pattern,Pink,Full Stitched,Kurti :: 1 Bottom ::1 Duptta ::1,"Top Fabric :- Jequard Silk || Bottom Fabric :- Simmer Silk || Dupatta Fabric :- Jequard Silk || Kurti Work Type :-Woven/printed pattern Work || Bottom Work :-Plain || Dupatta Work :-woven/printed Dupatta || Stitched Type :- Stitch || Size :- M,L,XL,XXL || Kurti Length :-Ankle Length",5407,,https://drive.google.com/file/d/1mdqf8wj3SVAYfQHGa7eJzCb0MIrQcnx8/view?usp=drive_link,https://drive.google.com/file/d/1aMh4ldQHcFQ6zf7NMBRPjN8PFiUIhhGl/view?usp=drive_link,https://drive.google.com/file/d/1Y69bCiAfwfivofvXpuh12I6bK064Np9C/view?usp=drive_link,https://drive.google.com/file/d/1GnP5m-y3Om-PJQBBHn7HBb4alddXaTDi/view?usp=drive_link,https://drive.google.com/file/d/1TiWh8gkr9Ls3lfsJMVmEk-g4VQ7Ab1Kk/view?usp=drive_link,,,,,,,,,,,,,,
37,201033_Red,"M(38),L(40),XL(42),XXL(44)",1795,5% Extra,Jequard Silk,Simmer Silk,Jequard Silk,Cotton,45 to 48 Inches'',40 Inches'',2.20 Mtr,Square,3/4 Sleve,18 Inch '',Woven/printed pattern,Red,Full Stitched,Kurti :: 1 Bottom ::1 Duptta ::1,"Top Fabric :- Jequard Silk || Bottom Fabric :- Simmer Silk || Dupatta Fabric :- Jequard Silk || Kurti Work Type :-Woven/printed pattern Work || Bottom Work :-Plain || Dupatta Work :-woven/printed Dupatta || Stitched Type :- Stitch || Size :- M,L,XL,XXL || Kurti Length :-Ankle Length",5407,,https://drive.google.com/file/d/1Id4KzvaKmLTnI7ntpjcJY0Z9uJS7Zgmu/view?usp=drive_link,https://drive.google.com/file/d/1vYzlu4ERcDPQov0XjRWvcXI_Y0Kw1Of6/view?usp=drive_link,https://drive.google.com/file/d/1IxsBMyFROGZVOzOrj2vu7WDj6tL9DYwl/view?usp=drive_link,https://drive.google.com/file/d/1SunzevhVwhcxbu9LiuzZ8clhmxbvt21C/view?usp=drive_link,,,,,,,,,,,,,,,
38,201034_Beige,"M(38),L(40),XL(42),XXL(44)",2095,5% Extra,Cotton Silk,Cotton Silk,Jequard Simmer Digital Print,Cotton,45 to 48 Inches'',40 Inches'',2.20 Mtr,V-Nack,3/4 Sleve,18 Inch '',Embroidery Sequance Work,Beige,Full Stitched,Kurti :: 1 Bottom ::1 Duptta ::1,"Top Fabric :- Cotton Silk || Bottom Fabric :- Cotton Silk || Dupatta Fabric :- Jequard Simmer Digital Print || Kurti Work Type :-Embroidery Sequance Work || Bottom Work :-Embroidery Lace Work || Dupatta Work :-Floral Print Duptta || Stitched Type :- Stitch || Size :- M,L,XL,XXL || Kurti Length :-Ankle Length",5407,,https://drive.google.com/file/d/1Dml-DF2CejYE6onuZNSVqwUij9SLWaba/view?usp=drive_link,https://drive.google.com/file/d/1jDOMa_BklPDtZqgmYhbiKeXsdXIDXN7h/view?usp=drive_link,https://drive.google.com/file/d/1pYPI0Y7_EazjHVml-C2gq2-BAQCjwGXN/view?usp=drive_link,https://drive.google.com/file/d/1o_B4Js0h8Dhfhms_b3FFZwKKz0Q5_E4q/view?usp=drive_link,https://drive.google.com/file/d/170KPfXLtf2IElZShcnpatMd-j6hble3W/view?usp=drive_link,,,,,,,,,,,,,,
39,201034_Orange,"M(38),L(40),XL(42),XXL(44)",1995,5% Extra,Cotton Silk,Cotton Silk,Jequard Simmer Digital Print,Cotton,45 to 48 Inches'',40 Inches'',2.20 Mtr,V-Nack,3/4 Sleve,18 Inch '',Embroidery Sequance Work,Orange,Full Stitched,Kurti :: 1 Bottom ::1 Duptta ::1,"Top Fabric :- Cotton Silk || Bottom Fabric :- Cotton Silk || Dupatta Fabric :- Jequard Simmer Digital Print || Kurti Work Type :-Embroidery Sequance Work || Bottom Work :-Embroidery Lace Work || Dupatta Work :-Floral Print Duptta || Stitched Type :- Stitch || Size :- M,L,XL,XXL || Kurti Length :-Ankle Length",5407,,https://drive.google.com/file/d/17JrJkMWYp2WM9PfxBF0jXg6V2YItvUyQ/view?usp=drive_link,https://drive.google.com/file/d/19MU3xJM4_s45NWhfHhJd9mSKk_F-StoX/view?usp=drive_link,https://drive.google.com/file/d/1aqrvDwNZSbi0xLdfEmGdekhXrF-CnjBF/view?usp=drive_link,https://drive.google.com/file/d/1hianjcXnePR8LX32CW_lae4SjzbtXAin/view?usp=drive_link,,,,,,,,,,,,,,,
40,201034_Purple,"M(38),L(40),XL(42),XXL(44)",1995,5% Extra,Cotton Silk,Cotton Silk,Jequard Simmer Digital Print,Cotton,45 to 48 Inches'',40 Inches'',2.20 Mtr,V-Nack,3/4 Sleve,18 Inch '',Embroidery Sequance Work,Purple,Full Stitched,Kurti :: 1 Bottom ::1 Duptta ::1,"Top Fabric :- Cotton Silk || Bottom Fabric :- Cotton Silk || Dupatta Fabric :- Jequard Simmer Digital Print || Kurti Work Type :-Embroidery Sequance Work || Bottom Work :-Embroidery Lace Work || Dupatta Work :-Floral Print Duptta || Stitched Type :- Stitch || Size :- M,L,XL,XXL || Kurti Length :-Ankle Length",5407,,https://drive.google.com/file/d/1mBW5Xba3Ljfyd5rQFBDkiZMxZASk11h5/view?usp=drive_link,https://drive.google.com/file/d/1LUnsVHXWfzT70fagvM27Pbnsp2nahrkj/view?usp=drive_link,https://drive.google.com/file/d/1BOTHSMaMKjmklnn6Ub6bRe2eoOktlrXS/view?usp=drive_link,https://drive.google.com/file/d/15M2D7ilepEvXpWGMouyPMWgQdXogYssN/view?usp=drive_link,,,,,,,,,,,,,,,
41,201035_Orange,"M(38),L(40),XL(42),XXL(44)",1995,5% Extra,Cotton Silk,Cotton Silk,Jequard Simmer Digital Print,Cotton,45 to 48 Inches'',40 Inches'',2.20 Mtr,V-Nack,3/4 Sleve,18 Inch '',Embroidery Sequance Work,Orange,Full Stitched,Kurti :: 1 Bottom ::1 Duptta ::1,"Top Fabric :- Cotton Silk || Bottom Fabric :- Cotton Silk || Dupatta Fabric :- Jequard Simmer Digital Print || Kurti Work Type :-Embroidery Sequance Work || Bottom Work :-Embroidery Lace Work || Dupatta Work :-Floral Print Duptta || Stitched Type :- Stitch || Size :- M,L,XL,XXL || Kurti Length :-Ankle Length",5407,,https://drive.google.com/file/d/1dZ5hZS7qZyzIgM9HWXRWWbzpSHLlQoIF/view?usp=drive_link,https://drive.google.com/file/d/1OFAKVfC9vCwDMmjijifmT7FJn_C3HOSl/view?usp=drive_link,https://drive.google.com/file/d/1RE_pQWoeMKgmA4yGroKdSEam5grhkYB0/view?usp=drive_link,,,,,,,,,,,,,,,,
42,201036_Mehndi,"M(38),L(40),XL(42),XXL(44)",1995,5% Extra,Cotton Silk,Cotton Silk,Jequard Simmer Digital Print,Cotton,45 to 48 Inches'',40 Inches'',2.20 Mtr,Round,3/4 Sleve,18 Inch '',Embroidery Work Hand Work,Mehndi,Full Stitched,Kurti :: 1 Bottom ::1 Duptta ::1,"Top Fabric :- Cotton Silk || Bottom Fabric :- Cotton Silk || Dupatta Fabric :- Cotton || Kurti Work Type :- Embroidery Work Beads hand Work || Bottom Work :- Embroidery Lace Work || Dupatta Work :- Embroidery Multi Work || Stitched Type :- Stitch || Size :- M,L,XL,XXL || Kurti Length :-Ankle Length",5407,,https://drive.google.com/file/d/1ojMetJZOFoJPwff9NvPu1WkcLbCx7Uj1/view?usp=drive_link,https://drive.google.com/file/d/1AhO5Jahj6_dd8AXOOhYkV3DCt76WsZUs/view?usp=drive_link,https://drive.google.com/file/d/19zlRsAZ-EIIVeo9celwguJnj5MdePfMS/view?usp=drive_link,https://drive.google.com/file/d/1L3ZxdLBLw7Rq6QIM1dey0fotVrajeKKf/view?usp=drive_link,,,,,,,,,,,,,,,
43,201036_Teal Green,"M(38),L(40),XL(42),XXL(44)",1995,5% Extra,Cotton Silk,Cotton Silk,Jequard Simmer Digital Print,Cotton,45 to 48 Inches'',40 Inches'',2.20 Mtr,Round,3/4 Sleve,18 Inch '',Embroidery Work Hand Work,Teal Green,Full Stitched,Kurti :: 1 Bottom ::1 Duptta ::1,"Top Fabric :- Cotton Silk || Bottom Fabric :- Cotton Silk || Dupatta Fabric :- Cotton || Kurti Work Type :- Embroidery Work Beads hand Work || Bottom Work :- Embroidery Lace Work || Dupatta Work :- Embroidery Multi Work || Stitched Type :- Stitch || Size :- M,L,XL,XXL || Kurti Length :-Ankle Length",5407,,https://drive.google.com/file/d/1EwSkmWuG-wOkg3TSInFMEMssLCE3gfm7/view?usp=drive_link,https://drive.google.com/file/d/1o4gZ8LfU33KKEI6s2LcKfjrbz9oicc8I/view?usp=drive_link,https://drive.google.com/file/d/1b3TmcyglWCtgY-cBje3-Ywb2RMC8kQVw/view?usp=drive_link,https://drive.google.com/file/d/1z14BaOO_A3WgSD0jza424nplmPdpRbcC/view?usp=drive_link,,,,,,,,,,,,,,,
44,201037_White,"M(38),L(40),XL(42),XXL(44)",1995,5% Extra,Cotton Silk,Cotton Silk,Jequard Simmer Digital Print,Cotton,45 to 48 Inches'',40 Inches'',2.20 Mtr,Round,3/4 Sleve,18 Inch '',Embroidery Multi Sequance Work,White,Full Stitched,Kurti :: 1 Bottom ::1 Duptta ::1,"Top Fabric :- Cotton Silk || Bottom Fabric :- Cotton Silk || Dupatta Fabric :- Jequard Simmer Digital Print || Kurti Work Type :-Embroidery Sequance Work || Bottom Work :-Embroidery Lace Work || Dupatta Work :-Floral Print Duptta || Stitched Type :- Stitch || Size :- M,L,XL,XXL || Kurti Length :-Ankle Length",5407,,https://drive.google.com/file/d/1GDTiuPnm3K_RRitq4kaa9W80HQw7_Sy3/view?usp=drive_link,https://drive.google.com/file/d/178kVgl0N2Eae_SpV04pkvUwtvvdQyU2H/view?usp=drive_link,https://drive.google.com/file/d/12pNP8cKUv32nQG-Qon6xzWtO4UybBBso/view?usp=drive_link,https://drive.google.com/file/d/1QebLySzhCexB0ZDiZY36bBH65udo4zwt/view?usp=drive_link,,,,,,,,,,,,,,,
45,201038_Pink,"M(38),L(40),XL(42),XXL(44)",1995,5% Extra,Silk Blend,Simmer Silk,Silk Blend,Cotton,45 to 48 Inches'',40 Inches'',2.20 Mtr,Round,3/4 Sleve,18 Inch '',Embroidery Woven Zari Work,Pink,Full Stitched,Kurti :: 1 Bottom ::1 Duptta ::1,"Top Fabric :- Silk Blend || Bottom Fabric :- Silk Blend || Dupatta Fabric :- Silk Blend || Kurti Work Type :-Woven Zari Work || Bottom Work :-Plain || Dupatta Work :-Woven Gold Butti and Zari Border Work || Stitched Type :- Stitch || Size :- M,L,XL,XXL || Kurti Length :-Ankle Length",5407,,https://drive.google.com/file/d/1Nel76IF1YKRpy2FjJlbV8oR-z9m1mrdi/view?usp=drive_link,https://drive.google.com/file/d/1lEvSZSU3b0Bg0AIYFhc9jY8VkfluTLt5/view?usp=drive_link,https://drive.google.com/file/d/1f2GwutBXixbCZ5jWTm0oK_IyUxEpn8kj/view?usp=drive_link,https://drive.google.com/file/d/1z_T04RoFaQVX4auMKzAoUqeymlreQtcK/view?usp=drive_link,,,,,,,,,,,,,,,
46,201039_Black,"M(38),L(40),XL(42),XXL(44)",1995,5% Extra,Cotton Silk,Cotton Silk,Jequard Simmer Digital Print,Cotton,45 to 48 Inches'',40 Inches'',2.20 Mtr,Round,3/4 Sleve,18 Inch '',Embroidery Multi Sequance Work,Black,Full Stitched,Kurti :: 1 Bottom ::1 Duptta ::1,"Top Fabric :- Cotton Silk || Bottom Fabric :- Cotton Silk || Dupatta Fabric :- Jequard Simmer Digital Print || Kurti Work Type :-Embroidery Sequance Work || Bottom Work :-Embroidery Lace Work || Dupatta Work :-Floral Print Duptta || Stitched Type :- Stitch || Size :- M,L,XL,XXL || Kurti Length :-Ankle Length",5407,,https://drive.google.com/file/d/1390sygGVKOJ3ZQn4fEsnFRyt6u-EiuMh/view?usp=drive_link,https://drive.google.com/file/d/1BANe20ZLGtSLh0fqSD4OQaEe14GYWtIZ/view?usp=drive_link,https://drive.google.com/file/d/1WWonNEbAfmMcy0PKP4wgGLOU2woVorvB/view?usp=drive_link,https://drive.google.com/file/d/1kSB7-liL_5T-LFMsdt1p1sWKdXQaJc4q/view?usp=drive_link,,,,,,,,,,,,,,,
47,201039_Olive Green,"M(38),L(40),XL(42),XXL(44)",1995,5% Extra,Cotton Silk,Cotton Silk,Jequard Simmer Digital Print,Cotton,45 to 48 Inches'',40 Inches'',2.20 Mtr,Round,3/4 Sleve,18 Inch '',Embroidery Multi Sequance Work,Olive,Full Stitched,Kurti :: 1 Bottom ::1 Duptta ::1,"Top Fabric :- Cotton Silk || Bottom Fabric :- Cotton Silk || Dupatta Fabric :- Jequard Simmer Digital Print || Kurti Work Type :-Embroidery Sequance Work || Bottom Work :-Embroidery Lace Work || Dupatta Work :-Floral Print Duptta || Stitched Type :- Stitch || Size :- M,L,XL,XXL || Kurti Length :-Ankle Length",5407,,https://drive.google.com/file/d/1TPaQfGH6SjMJNb_0YuzZ0FNnOeDnOhPi/view?usp=drive_link,https://drive.google.com/file/d/1GZVDqCL3jSzM3W8mMfNnJVTVmonyfGnS/view?usp=drive_link,https://drive.google.com/file/d/1l-u1VRIUp0oOFGYikWcVqFAEhSPmz2cQ/view?usp=drive_link,https://drive.google.com/file/d/1iBiHfYANmJADIrSEoUh61Q9FqxCyGkVn/view?usp=drive_link,https://drive.google.com/file/d/1_kdpLBW2YkWBOMRg8PXW0qHn_NnQ4L7D/view?usp=drive_link,,,,,,,,,,,,,,
48,201039_Purple,"M(38),L(40),XL(42),XXL(44)",1995,5% Extra,Cotton Silk,Cotton Silk,Jequard Simmer Digital Print,Cotton,45 to 48 Inches'',40 Inches'',2.20 Mtr,Round,3/4 Sleve,18 Inch '',Embroidery Multi Sequance Work,Purple,Full Stitched,Kurti :: 1 Bottom ::1 Duptta ::1,"Top Fabric :- Cotton Silk || Bottom Fabric :- Cotton Silk || Dupatta Fabric :- Jequard Simmer Digital Print || Kurti Work Type :-Embroidery Sequance Work || Bottom Work :-Embroidery Lace Work || Dupatta Work :-Floral Print Duptta || Stitched Type :- Stitch || Size :- M,L,XL,XXL || Kurti Length :-Ankle Length",5407,,https://drive.google.com/file/d/1ULIbLUyuyqz-kuEEOhDxGOBr2yg5wBTr/view?usp=drive_link,https://drive.google.com/file/d/1ufjujwQSBcNl7alZkiQih2QO0HGdVJar/view?usp=drive_link,https://drive.google.com/file/d/1F8EMyoZxOrKtXi7e0x6KR6sfx7Ai6_t_/view?usp=drive_link,https://drive.google.com/file/d/1NnBwaamBe4CZDo5dTL6SfEUkYH8II8Me/view?usp=drive_link,https://drive.google.com/file/d/1tG7U849UlbiVYEvWw7Sg5uRImwtNyNr6/view?usp=drive_link,,,,,,,,,,,,,,
