Handle,Title,Body (HTML),Vendor,Product Category,Type,Tags,Published,Option1 Name,Option1 Value,Variant SKU,Variant Grams,Variant Inventory Tracker,Variant Inventory Policy,Variant Fulfillment Service,Variant Price,Variant Compare At Price,Variant Requires Shipping,Variant Taxable,Variant Barcode,Image Src,Image Position,Image Alt Text,Gift Card,SEO Title,SEO Description,Google Shopping / Google Product Category,Google Shopping / Gender,Google Shopping / Age Group,Google Shopping / MPN,Google Shopping / Condition,Google Shopping / Custom Product,Google Shopping / Custom Label 0,Google Shopping / Custom Label 1,Google Shopping / Custom Label 2,Google Shopping / Custom Label 3,Google Shopping / Custom Label 4,Variant Image,Variant Weight Unit,Variant Tax Code,Cost per item,Included / India,Price / India,Compare At Price / India,Status
40401-purple,Purple Printed Kurti,"<h3>Product Details</h3>
<ul>
<li><strong>Work Pattern:</strong> Printed</li>
<li><strong>Sleeves:</strong> Full Sleeve</li>
<li><strong>Set Contents:</strong> Kurti :: 1</li>
</ul>

<h3>Fabric & Sizing</h3>
<ul>
</ul>

<h3>Care & Delivery</h3>
<ul>
<li><strong>Washing:</strong> Dry clean only recommended</li>
<li><strong>Drying:</strong> Dry in shade, avoid direct sunlight</li>
<li><strong>Ironing:</strong> Iron on reverse side at low heat</li>
<li><strong>Delivery:</strong> 5-7 business days within India</li>
</ul>
",Avestam,Apparel & Accessories > Clothing > Dresses,Kurti,"Kurti, Purple, Printed, Full Sleeve",TRUE,Size,S(36),40401_Purple-S36,500,shopify,deny,manual,799,,TRUE,TRUE,,,,,FALSE,Purple Printed Kurti,Purple Printed Kurti,166,Female,Adult,40401_Purple,New,FALSE,Purple,Printed,Cotton Silk,Full Stitched,,,kg,,799,TRUE,799,,active
40401-purple,,,Avestam,Apparel & Accessories > Clothing > Dresses,Kurti,,TRUE,Size,M(38),40401_Purple-M38,500,shopify,deny,manual,799,,TRUE,TRUE,,,,,FALSE,,,166,Female,Adult,40401_Purple,New,FALSE,Purple,Printed,Cotton Silk,Full Stitched,,,kg,,799,TRUE,799,,active
40401-purple,,,Avestam,Apparel & Accessories > Clothing > Dresses,Kurti,,TRUE,Size,L(40),40401_Purple-L40,500,shopify,deny,manual,799,,TRUE,TRUE,,,,,FALSE,,,166,Female,Adult,40401_Purple,New,FALSE,Purple,Printed,Cotton Silk,Full Stitched,,,kg,,799,TRUE,799,,active
40401-purple,,,Avestam,Apparel & Accessories > Clothing > Dresses,Kurti,,TRUE,Size,XL(42),40401_Purple-XL42,500,shopify,deny,manual,799,,TRUE,TRUE,,,,,FALSE,,,166,Female,Adult,40401_Purple,New,FALSE,Purple,Printed,Cotton Silk,Full Stitched,,,kg,,799,TRUE,799,,active
40402-lpurple,Purple Embroidery Work Kurti,"<h3>Product Details</h3>
<ul>
<li><strong>Work Pattern:</strong> Embroidery Work & printed</li>
<li><strong>Sleeves:</strong> Full Sleeve</li>
<li><strong>Set Contents:</strong> Kurti :: 1</li>
</ul>

<h3>Fabric & Sizing</h3>
<ul>
</ul>

<h3>Care & Delivery</h3>
<ul>
<li><strong>Washing:</strong> Dry clean only recommended</li>
<li><strong>Drying:</strong> Dry in shade, avoid direct sunlight</li>
<li><strong>Ironing:</strong> Iron on reverse side at low heat</li>
<li><strong>Delivery:</strong> 5-7 business days within India</li>
</ul>
",Avestam,Apparel & Accessories > Clothing > Dresses,Kurti,"Kurti, Purple, Embroidery Work, Printed, Full Sleeve",TRUE,Size,S(36),40402_Lpurple-S36,500,shopify,deny,manual,1295,,TRUE,TRUE,,,,,FALSE,Purple Embroidery Work Kurti,Purple Embroidery Work Kurti,166,Female,Adult,40402_Lpurple,New,FALSE,Purple,Embroidery Work & printed,Georgette,Full Stitched,,,kg,,1295,TRUE,1295,,active
40402-lpurple,,,Avestam,Apparel & Accessories > Clothing > Dresses,Kurti,,TRUE,Size,M(38),40402_Lpurple-M38,500,shopify,deny,manual,1295,,TRUE,TRUE,,,,,FALSE,,,166,Female,Adult,40402_Lpurple,New,FALSE,Purple,Embroidery Work & printed,Georgette,Full Stitched,,,kg,,1295,TRUE,1295,,active
40402-lpurple,,,Avestam,Apparel & Accessories > Clothing > Dresses,Kurti,,TRUE,Size,L(40),40402_Lpurple-L40,500,shopify,deny,manual,1295,,TRUE,TRUE,,,,,FALSE,,,166,Female,Adult,40402_Lpurple,New,FALSE,Purple,Embroidery Work & printed,Georgette,Full Stitched,,,kg,,1295,TRUE,1295,,active
40402-lpurple,,,Avestam,Apparel & Accessories > Clothing > Dresses,Kurti,,TRUE,Size,XL(42),40402_Lpurple-XL42,500,shopify,deny,manual,1295,,TRUE,TRUE,,,,,FALSE,,,166,Female,Adult,40402_Lpurple,New,FALSE,Purple,Embroidery Work & printed,Georgette,Full Stitched,,,kg,,1295,TRUE,1295,,active
40403-gmaroon,Maroon Digitel Printed Kurti with Dupatta,"<h3>Product Details</h3>
<ul>
<li><strong>Work Pattern:</strong> Digitel Printed</li>
<li><strong>Sleeves:</strong> Full Sleeve</li>
<li><strong>Set Contents:</strong> Kurti :: 1 ,Duptta ::1</li>
</ul>

<h3>Fabric & Sizing</h3>
<ul>
</ul>

<h3>Care & Delivery</h3>
<ul>
<li><strong>Washing:</strong> Dry clean only recommended</li>
<li><strong>Drying:</strong> Dry in shade, avoid direct sunlight</li>
<li><strong>Ironing:</strong> Iron on reverse side at low heat</li>
<li><strong>Delivery:</strong> 5-7 business days within India</li>
</ul>
",Avestam,Apparel & Accessories > Clothing > Dresses,Kurti,"Kurti, Maroon, Printed, Full Sleeve, With Dupatta",TRUE,Size,S(36),40403_Gmaroon-S36,500,shopify,deny,manual,1295,,TRUE,TRUE,,,,,FALSE,Maroon Digitel Printed Kurti with Dupatta,Maroon Digitel Printed Kurti with Dupatta,166,Female,Adult,40403_Gmaroon,New,FALSE,Maroon,Digitel Printed,Georgette,Full Stitched,,,kg,,1295,TRUE,1295,,active
40403-gmaroon,,,Avestam,Apparel & Accessories > Clothing > Dresses,Kurti,,TRUE,Size,M(38),40403_Gmaroon-M38,500,shopify,deny,manual,1295,,TRUE,TRUE,,,,,FALSE,,,166,Female,Adult,40403_Gmaroon,New,FALSE,Maroon,Digitel Printed,Georgette,Full Stitched,,,kg,,1295,TRUE,1295,,active
40403-gmaroon,,,Avestam,Apparel & Accessories > Clothing > Dresses,Kurti,,TRUE,Size,L(40),40403_Gmaroon-L40,500,shopify,deny,manual,1295,,TRUE,TRUE,,,,,FALSE,,,166,Female,Adult,40403_Gmaroon,New,FALSE,Maroon,Digitel Printed,Georgette,Full Stitched,,,kg,,1295,TRUE,1295,,active
40403-gmaroon,,,Avestam,Apparel & Accessories > Clothing > Dresses,Kurti,,TRUE,Size,XL(42),40403_Gmaroon-XL42,500,shopify,deny,manual,1295,,TRUE,TRUE,,,,,FALSE,,,166,Female,Adult,40403_Gmaroon,New,FALSE,Maroon,Digitel Printed,Georgette,Full Stitched,,,kg,,1295,TRUE,1295,,active
201014-mendi,Mahendi Embroidery Work Hand Work Kurti Set with Dupatta & Bottom,"<h3>Product Details</h3>
<ul>
<li><strong>Work Pattern:</strong> Embroidery Work Hand Work</li>
<li><strong>Sleeves:</strong> 3/4 Sleve</li>
<li><strong>Set Contents:</strong> Kurti :: 1 Bottom ::1 Duptta ::1</li>
</ul>

<h3>Fabric & Sizing</h3>
<ul>
</ul>

<h3>Care & Delivery</h3>
<ul>
<li><strong>Washing:</strong> Dry clean only recommended</li>
<li><strong>Drying:</strong> Dry in shade, avoid direct sunlight</li>
<li><strong>Ironing:</strong> Iron on reverse side at low heat</li>
<li><strong>Delivery:</strong> 5-7 business days within India</li>
</ul>
",Avestam,Apparel & Accessories > Clothing > Dresses,Kurti,"Kurti, Mahendi, Embroidery Work, Hand Work, 3/4 Sleve, With Dupatta, With Bottom",TRUE,Size,M(38),201014_Mendi-M38,500,shopify,deny,manual,1795,,TRUE,TRUE,,,,,FALSE,Mahendi Embroidery Work Hand Work Kurti Set with Dupatta & Bottom,Mahendi Embroidery Work Hand Work Kurti Set with Dupatta & Bottom,166,Female,Adult,201014_Mendi,New,FALSE,Mahendi,Embroidery Work Hand Work,Cotton Silk,Full Stitched,,,kg,,1795,TRUE,1795,,active
201014-mendi,,,Avestam,Apparel & Accessories > Clothing > Dresses,Kurti,,TRUE,Size,L(40),201014_Mendi-L40,500,shopify,deny,manual,1795,,TRUE,TRUE,,,,,FALSE,,,166,Female,Adult,201014_Mendi,New,FALSE,Mahendi,Embroidery Work Hand Work,Cotton Silk,Full Stitched,,,kg,,1795,TRUE,1795,,active
201014-mendi,,,Avestam,Apparel & Accessories > Clothing > Dresses,Kurti,,TRUE,Size,XL(42),201014_Mendi-XL42,500,shopify,deny,manual,1795,,TRUE,TRUE,,,,,FALSE,,,166,Female,Adult,201014_Mendi,New,FALSE,Mahendi,Embroidery Work Hand Work,Cotton Silk,Full Stitched,,,kg,,1795,TRUE,1795,,active
201014-mendi,,,Avestam,Apparel & Accessories > Clothing > Dresses,Kurti,,TRUE,Size,XXL(44),201014_Mendi-XXL44,500,shopify,deny,manual,1795,,TRUE,TRUE,,,,,FALSE,,,166,Female,Adult,201014_Mendi,New,FALSE,Mahendi,Embroidery Work Hand Work,Cotton Silk,Full Stitched,,,kg,,1795,TRUE,1795,,active
201015-purple,Purple Embroidery Work Sequance Work Kurti Set with Dupatta & Bottom,"<h3>Product Details</h3>
<ul>
<li><strong>Work Pattern:</strong> Embroidery Work Sequance Work</li>
<li><strong>Sleeves:</strong> 3/4 Sleve</li>
<li><strong>Set Contents:</strong> Kurti :: 1 Bottom ::1 Duptta ::1</li>
</ul>

<h3>Fabric & Sizing</h3>
<ul>
</ul>

<h3>Care & Delivery</h3>
<ul>
<li><strong>Washing:</strong> Dry clean only recommended</li>
<li><strong>Drying:</strong> Dry in shade, avoid direct sunlight</li>
<li><strong>Ironing:</strong> Iron on reverse side at low heat</li>
<li><strong>Delivery:</strong> 5-7 business days within India</li>
</ul>
",Avestam,Apparel & Accessories > Clothing > Dresses,Kurti,"Kurti, Purple, Embroidery Work, Sequin Work, 3/4 Sleve, With Dupatta, With Bottom",TRUE,Size,M(38),201015_Purple-M38,500,shopify,deny,manual,1795,,TRUE,TRUE,,,,,FALSE,Purple Embroidery Work Sequance Work Kurti Set with Dupatta & Bottom,Purple Embroidery Work Sequance Work Kurti Set with Dupatta & Bottom,166,Female,Adult,201015_Purple,New,FALSE,Purple,Embroidery Work Sequance Work,Soft Silk,Full Stitched,,,kg,,1795,TRUE,1795,,active
201015-purple,,,Avestam,Apparel & Accessories > Clothing > Dresses,Kurti,,TRUE,Size,L(40),201015_Purple-L40,500,shopify,deny,manual,1795,,TRUE,TRUE,,,,,FALSE,,,166,Female,Adult,201015_Purple,New,FALSE,Purple,Embroidery Work Sequance Work,Soft Silk,Full Stitched,,,kg,,1795,TRUE,1795,,active
201015-purple,,,Avestam,Apparel & Accessories > Clothing > Dresses,Kurti,,TRUE,Size,XL(42),201015_Purple-XL42,500,shopify,deny,manual,1795,,TRUE,TRUE,,,,,FALSE,,,166,Female,Adult,201015_Purple,New,FALSE,Purple,Embroidery Work Sequance Work,Soft Silk,Full Stitched,,,kg,,1795,TRUE,1795,,active
201015-purple,,,Avestam,Apparel & Accessories > Clothing > Dresses,Kurti,,TRUE,Size,XXL(44),201015_Purple-XXL44,500,shopify,deny,manual,1795,,TRUE,TRUE,,,,,FALSE,,,166,Female,Adult,201015_Purple,New,FALSE,Purple,Embroidery Work Sequance Work,Soft Silk,Full Stitched,,,kg,,1795,TRUE,1795,,active
201016-y,Yellow Embroidery Work Hand Work Kurti Set with Dupatta & Bottom,"<h3>Product Details</h3>
<ul>
<li><strong>Work Pattern:</strong> Embroidery Work Hand Work</li>
<li><strong>Sleeves:</strong> 3/4 Sleve</li>
<li><strong>Set Contents:</strong> Kurti :: 1 Bottom ::1 Duptta ::1</li>
</ul>

<h3>Fabric & Sizing</h3>
<ul>
</ul>

<h3>Care & Delivery</h3>
<ul>
<li><strong>Washing:</strong> Dry clean only recommended</li>
<li><strong>Drying:</strong> Dry in shade, avoid direct sunlight</li>
<li><strong>Ironing:</strong> Iron on reverse side at low heat</li>
<li><strong>Delivery:</strong> 5-7 business days within India</li>
</ul>
",Avestam,Apparel & Accessories > Clothing > Dresses,Kurti,"Kurti, Yellow, Embroidery Work, Hand Work, 3/4 Sleve, With Dupatta, With Bottom",TRUE,Size,M(38),201016_y-M38,500,shopify,deny,manual,1895,,TRUE,TRUE,,,,,FALSE,Yellow Embroidery Work Hand Work Kurti Set with Dupatta & Bottom,Yellow Embroidery Work Hand Work Kurti Set with Dupatta & Bottom,166,Female,Adult,201016_y,New,FALSE,Yellow,Embroidery Work Hand Work,Cotton Silk,Full Stitched,,,kg,,1895,TRUE,1895,,active
201016-y,,,Avestam,Apparel & Accessories > Clothing > Dresses,Kurti,,TRUE,Size,L(40),201016_y-L40,500,shopify,deny,manual,1895,,TRUE,TRUE,,,,,FALSE,,,166,Female,Adult,201016_y,New,FALSE,Yellow,Embroidery Work Hand Work,Cotton Silk,Full Stitched,,,kg,,1895,TRUE,1895,,active
201016-y,,,Avestam,Apparel & Accessories > Clothing > Dresses,Kurti,,TRUE,Size,XL(42),201016_y-XL42,500,shopify,deny,manual,1895,,TRUE,TRUE,,,,,FALSE,,,166,Female,Adult,201016_y,New,FALSE,Yellow,Embroidery Work Hand Work,Cotton Silk,Full Stitched,,,kg,,1895,TRUE,1895,,active
201016-y,,,Avestam,Apparel & Accessories > Clothing > Dresses,Kurti,,TRUE,Size,XXL(44),201016_y-XXL44,500,shopify,deny,manual,1895,,TRUE,TRUE,,,,,FALSE,,,166,Female,Adult,201016_y,New,FALSE,Yellow,Embroidery Work Hand Work,Cotton Silk,Full Stitched,,,kg,,1895,TRUE,1895,,active
201017-pink,Pink Embroidery Work Hand Work Kurti Set with Dupatta & Bottom,"<h3>Product Details</h3>
<ul>
<li><strong>Work Pattern:</strong> Embroidery Work Hand Work</li>
<li><strong>Sleeves:</strong> 3/4 Sleve</li>
<li><strong>Set Contents:</strong> Kurti :: 1 Bottom ::1 Duptta ::1</li>
</ul>

<h3>Fabric & Sizing</h3>
<ul>
</ul>

<h3>Care & Delivery</h3>
<ul>
<li><strong>Washing:</strong> Dry clean only recommended</li>
<li><strong>Drying:</strong> Dry in shade, avoid direct sunlight</li>
<li><strong>Ironing:</strong> Iron on reverse side at low heat</li>
<li><strong>Delivery:</strong> 5-7 business days within India</li>
</ul>
",Avestam,Apparel & Accessories > Clothing > Dresses,Kurti,"Kurti, Pink, Embroidery Work, Hand Work, 3/4 Sleve, With Dupatta, With Bottom",TRUE,Size,M(38),201017_Pink-M38,500,shopify,deny,manual,1895,,TRUE,TRUE,,,,,FALSE,Pink Embroidery Work Hand Work Kurti Set with Dupatta & Bottom,Pink Embroidery Work Hand Work Kurti Set with Dupatta & Bottom,166,Female,Adult,201017_Pink,New,FALSE,Pink,Embroidery Work Hand Work,Cotton Silk,Full Stitched,,,kg,,1895,TRUE,1895,,active
201017-pink,,,Avestam,Apparel & Accessories > Clothing > Dresses,Kurti,,TRUE,Size,L(40),201017_Pink-L40,500,shopify,deny,manual,1895,,TRUE,TRUE,,,,,FALSE,,,166,Female,Adult,201017_Pink,New,FALSE,Pink,Embroidery Work Hand Work,Cotton Silk,Full Stitched,,,kg,,1895,TRUE,1895,,active
201017-pink,,,Avestam,Apparel & Accessories > Clothing > Dresses,Kurti,,TRUE,Size,XL(42),201017_Pink-XL42,500,shopify,deny,manual,1895,,TRUE,TRUE,,,,,FALSE,,,166,Female,Adult,201017_Pink,New,FALSE,Pink,Embroidery Work Hand Work,Cotton Silk,Full Stitched,,,kg,,1895,TRUE,1895,,active
201017-pink,,,Avestam,Apparel & Accessories > Clothing > Dresses,Kurti,,TRUE,Size,XXL(44),201017_Pink-XXL44,500,shopify,deny,manual,1895,,TRUE,TRUE,,,,,FALSE,,,166,Female,Adult,201017_Pink,New,FALSE,Pink,Embroidery Work Hand Work,Cotton Silk,Full Stitched,,,kg,,1895,TRUE,1895,,active
201018-black,Black Embroidery Work Hand Work Kurti Set with Dupatta & Bottom,"<h3>Product Details</h3>
<ul>
<li><strong>Work Pattern:</strong> Embroidery Work Hand Work</li>
<li><strong>Sleeves:</strong> 3/4 Sleve</li>
<li><strong>Set Contents:</strong> Kurti :: 1 Bottom ::1 Duptta ::1</li>
</ul>

<h3>Fabric & Sizing</h3>
<ul>
</ul>

<h3>Care & Delivery</h3>
<ul>
<li><strong>Washing:</strong> Dry clean only recommended</li>
<li><strong>Drying:</strong> Dry in shade, avoid direct sunlight</li>
<li><strong>Ironing:</strong> Iron on reverse side at low heat</li>
<li><strong>Delivery:</strong> 5-7 business days within India</li>
</ul>
",Avestam,Apparel & Accessories > Clothing > Dresses,Kurti,"Kurti, Black, Embroidery Work, Hand Work, 3/4 Sleve, With Dupatta, With Bottom",TRUE,Size,M(38),201018_black-M38,500,shopify,deny,manual,1895,,TRUE,TRUE,,,,,FALSE,Black Embroidery Work Hand Work Kurti Set with Dupatta & Bottom,Black Embroidery Work Hand Work Kurti Set with Dupatta & Bottom,166,Female,Adult,201018_black,New,FALSE,Black,Embroidery Work Hand Work,Viscose shimmer,Full Stitched,,,kg,,1895,TRUE,1895,,active
201018-black,,,Avestam,Apparel & Accessories > Clothing > Dresses,Kurti,,TRUE,Size,L(40),201018_black-L40,500,shopify,deny,manual,1895,,TRUE,TRUE,,,,,FALSE,,,166,Female,Adult,201018_black,New,FALSE,Black,Embroidery Work Hand Work,Viscose shimmer,Full Stitched,,,kg,,1895,TRUE,1895,,active
201018-black,,,Avestam,Apparel & Accessories > Clothing > Dresses,Kurti,,TRUE,Size,XL(42),201018_black-XL42,500,shopify,deny,manual,1895,,TRUE,TRUE,,,,,FALSE,,,166,Female,Adult,201018_black,New,FALSE,Black,Embroidery Work Hand Work,Viscose shimmer,Full Stitched,,,kg,,1895,TRUE,1895,,active
201018-black,,,Avestam,Apparel & Accessories > Clothing > Dresses,Kurti,,TRUE,Size,XXL(44),201018_black-XXL44,500,shopify,deny,manual,1895,,TRUE,TRUE,,,,,FALSE,,,166,Female,Adult,201018_black,New,FALSE,Black,Embroidery Work Hand Work,Viscose shimmer,Full Stitched,,,kg,,1895,TRUE,1895,,active
201019-dpurple,Dark Purple Embroidery Work Hand Work Kurti Set with Dupatta & Bottom,"<h3>Product Details</h3>
<ul>
<li><strong>Work Pattern:</strong> Embroidery Work Hand Work</li>
<li><strong>Sleeves:</strong> 3/4 Sleve</li>
<li><strong>Set Contents:</strong> Kurti :: 1 Bottom ::1 Duptta ::1</li>
</ul>

<h3>Fabric & Sizing</h3>
<ul>
</ul>

<h3>Care & Delivery</h3>
<ul>
<li><strong>Washing:</strong> Dry clean only recommended</li>
<li><strong>Drying:</strong> Dry in shade, avoid direct sunlight</li>
<li><strong>Ironing:</strong> Iron on reverse side at low heat</li>
<li><strong>Delivery:</strong> 5-7 business days within India</li>
</ul>
",Avestam,Apparel & Accessories > Clothing > Dresses,Kurti,"Kurti, Dark Purple, Embroidery Work, Hand Work, 3/4 Sleve, With Dupatta, With Bottom",TRUE,Size,M(38),201019_Dpurple-M38,500,shopify,deny,manual,1895,,TRUE,TRUE,,,,,FALSE,Dark Purple Embroidery Work Hand Work Kurti Set with Dupatta & Bottom,Dark Purple Embroidery Work Hand Work Kurti Set with Dupatta & Bottom,166,Female,Adult,201019_Dpurple,New,FALSE,Dark Purple,Embroidery Work Hand Work,Simmer Silk,Full Stitched,,,kg,,1895,TRUE,1895,,active
201019-dpurple,,,Avestam,Apparel & Accessories > Clothing > Dresses,Kurti,,TRUE,Size,L(40),201019_Dpurple-L40,500,shopify,deny,manual,1895,,TRUE,TRUE,,,,,FALSE,,,166,Female,Adult,201019_Dpurple,New,FALSE,Dark Purple,Embroidery Work Hand Work,Simmer Silk,Full Stitched,,,kg,,1895,TRUE,1895,,active
201019-dpurple,,,Avestam,Apparel & Accessories > Clothing > Dresses,Kurti,,TRUE,Size,XL(42),201019_Dpurple-XL42,500,shopify,deny,manual,1895,,TRUE,TRUE,,,,,FALSE,,,166,Female,Adult,201019_Dpurple,New,FALSE,Dark Purple,Embroidery Work Hand Work,Simmer Silk,Full Stitched,,,kg,,1895,TRUE,1895,,active
201019-dpurple,,,Avestam,Apparel & Accessories > Clothing > Dresses,Kurti,,TRUE,Size,XXL(44),201019_Dpurple-XXL44,500,shopify,deny,manual,1895,,TRUE,TRUE,,,,,FALSE,,,166,Female,Adult,201019_Dpurple,New,FALSE,Dark Purple,Embroidery Work Hand Work,Simmer Silk,Full Stitched,,,kg,,1895,TRUE,1895,,active
201020-lyellow,Light Yellow Embroidery Work Hand Work Kurti Set with Dupatta & Bottom,"<h3>Product Details</h3>
<ul>
<li><strong>Work Pattern:</strong> Embroidery Work Hand Work</li>
<li><strong>Sleeves:</strong> 3/4 Sleve</li>
<li><strong>Set Contents:</strong> Kurti :: 1 Bottom ::1 Duptta ::1</li>
</ul>

<h3>Fabric & Sizing</h3>
<ul>
</ul>

<h3>Care & Delivery</h3>
<ul>
<li><strong>Washing:</strong> Dry clean only recommended</li>
<li><strong>Drying:</strong> Dry in shade, avoid direct sunlight</li>
<li><strong>Ironing:</strong> Iron on reverse side at low heat</li>
<li><strong>Delivery:</strong> 5-7 business days within India</li>
</ul>
",Avestam,Apparel & Accessories > Clothing > Dresses,Kurti,"Kurti, Light Yellow, Embroidery Work, Hand Work, 3/4 Sleve, With Dupatta, With Bottom",TRUE,Size,M(38),201020_Lyellow-M38,500,shopify,deny,manual,1895,,TRUE,TRUE,,,,,FALSE,Light Yellow Embroidery Work Hand Work Kurti Set with Dupatta & Bottom,Light Yellow Embroidery Work Hand Work Kurti Set with Dupatta & Bottom,166,Female,Adult,201020_Lyellow,New,FALSE,Light Yellow,Embroidery Work Hand Work,Cotton Silk,Full Stitched,,,kg,,1895,TRUE,1895,,active
201020-lyellow,,,Avestam,Apparel & Accessories > Clothing > Dresses,Kurti,,TRUE,Size,L(40),201020_Lyellow-L40,500,shopify,deny,manual,1895,,TRUE,TRUE,,,,,FALSE,,,166,Female,Adult,201020_Lyellow,New,FALSE,Light Yellow,Embroidery Work Hand Work,Cotton Silk,Full Stitched,,,kg,,1895,TRUE,1895,,active
201020-lyellow,,,Avestam,Apparel & Accessories > Clothing > Dresses,Kurti,,TRUE,Size,XL(42),201020_Lyellow-XL42,500,shopify,deny,manual,1895,,TRUE,TRUE,,,,,FALSE,,,166,Female,Adult,201020_Lyellow,New,FALSE,Light Yellow,Embroidery Work Hand Work,Cotton Silk,Full Stitched,,,kg,,1895,TRUE,1895,,active
201020-lyellow,,,Avestam,Apparel & Accessories > Clothing > Dresses,Kurti,,TRUE,Size,XXL(44),201020_Lyellow-XXL44,500,shopify,deny,manual,1895,,TRUE,TRUE,,,,,FALSE,,,166,Female,Adult,201020_Lyellow,New,FALSE,Light Yellow,Embroidery Work Hand Work,Cotton Silk,Full Stitched,,,kg,,1895,TRUE,1895,,active
201021-rani,Pink Embroidery Work Sequance Work Kurti Set with Dupatta & Bottom,"<h3>Product Details</h3>
<ul>
<li><strong>Work Pattern:</strong> Embroidery Work Sequance Work</li>
<li><strong>Sleeves:</strong> 3/4 Sleve</li>
<li><strong>Set Contents:</strong> Kurti :: 1 Bottom ::1 Duptta ::1</li>
</ul>

<h3>Fabric & Sizing</h3>
<ul>
</ul>

<h3>Care & Delivery</h3>
<ul>
<li><strong>Washing:</strong> Dry clean only recommended</li>
<li><strong>Drying:</strong> Dry in shade, avoid direct sunlight</li>
<li><strong>Ironing:</strong> Iron on reverse side at low heat</li>
<li><strong>Delivery:</strong> 5-7 business days within India</li>
</ul>
",Avestam,Apparel & Accessories > Clothing > Dresses,Kurti,"Kurti, Pink, Embroidery Work, Sequin Work, 3/4 Sleve, With Dupatta, With Bottom",TRUE,Size,M(38),201021_Rani-M38,500,shopify,deny,manual,1895,,TRUE,TRUE,,,,,FALSE,Pink Embroidery Work Sequance Work Kurti Set with Dupatta & Bottom,Pink Embroidery Work Sequance Work Kurti Set with Dupatta & Bottom,166,Female,Adult,201021_Rani,New,FALSE,Pink,Embroidery Work Sequance Work,Soft Silk,Full Stitched,,,kg,,1895,TRUE,1895,,active
201021-rani,,,Avestam,Apparel & Accessories > Clothing > Dresses,Kurti,,TRUE,Size,L(40),201021_Rani-L40,500,shopify,deny,manual,1895,,TRUE,TRUE,,,,,FALSE,,,166,Female,Adult,201021_Rani,New,FALSE,Pink,Embroidery Work Sequance Work,Soft Silk,Full Stitched,,,kg,,1895,TRUE,1895,,active
201021-rani,,,Avestam,Apparel & Accessories > Clothing > Dresses,Kurti,,TRUE,Size,XL(42),201021_Rani-XL42,500,shopify,deny,manual,1895,,TRUE,TRUE,,,,,FALSE,,,166,Female,Adult,201021_Rani,New,FALSE,Pink,Embroidery Work Sequance Work,Soft Silk,Full Stitched,,,kg,,1895,TRUE,1895,,active
201021-rani,,,Avestam,Apparel & Accessories > Clothing > Dresses,Kurti,,TRUE,Size,XXL(44),201021_Rani-XXL44,500,shopify,deny,manual,1895,,TRUE,TRUE,,,,,FALSE,,,166,Female,Adult,201021_Rani,New,FALSE,Pink,Embroidery Work Sequance Work,Soft Silk,Full Stitched,,,kg,,1895,TRUE,1895,,active
201022-teal,Teal Embroidery Work Hand Work Kurti Set with Dupatta & Bottom,"<h3>Product Details</h3>
<ul>
<li><strong>Work Pattern:</strong> Embroidery Work Hand Work</li>
<li><strong>Sleeves:</strong> 3/4 Sleve</li>
<li><strong>Set Contents:</strong> Kurti :: 1 Bottom ::1 Duptta ::1</li>
</ul>

<h3>Fabric & Sizing</h3>
<ul>
</ul>

<h3>Care & Delivery</h3>
<ul>
<li><strong>Washing:</strong> Dry clean only recommended</li>
<li><strong>Drying:</strong> Dry in shade, avoid direct sunlight</li>
<li><strong>Ironing:</strong> Iron on reverse side at low heat</li>
<li><strong>Delivery:</strong> 5-7 business days within India</li>
</ul>
",Avestam,Apparel & Accessories > Clothing > Dresses,Kurti,"Kurti, Teal, Embroidery Work, Hand Work, 3/4 Sleve, With Dupatta, With Bottom",TRUE,Size,M(38),201022_Teal-M38,500,shopify,deny,manual,1895,,TRUE,TRUE,,,,,FALSE,Teal Embroidery Work Hand Work Kurti Set with Dupatta & Bottom,Teal Embroidery Work Hand Work Kurti Set with Dupatta & Bottom,166,Female,Adult,201022_Teal,New,FALSE,Teal,Embroidery Work Hand Work,Viscose shimmer,Full Stitched,,,kg,,1895,TRUE,1895,,active
201022-teal,,,Avestam,Apparel & Accessories > Clothing > Dresses,Kurti,,TRUE,Size,L(40),201022_Teal-L40,500,shopify,deny,manual,1895,,TRUE,TRUE,,,,,FALSE,,,166,Female,Adult,201022_Teal,New,FALSE,Teal,Embroidery Work Hand Work,Viscose shimmer,Full Stitched,,,kg,,1895,TRUE,1895,,active
201022-teal,,,Avestam,Apparel & Accessories > Clothing > Dresses,Kurti,,TRUE,Size,XL(42),201022_Teal-XL42,500,shopify,deny,manual,1895,,TRUE,TRUE,,,,,FALSE,,,166,Female,Adult,201022_Teal,New,FALSE,Teal,Embroidery Work Hand Work,Viscose shimmer,Full Stitched,,,kg,,1895,TRUE,1895,,active
201022-teal,,,Avestam,Apparel & Accessories > Clothing > Dresses,Kurti,,TRUE,Size,XXL(44),201022_Teal-XXL44,500,shopify,deny,manual,1895,,TRUE,TRUE,,,,,FALSE,,,166,Female,Adult,201022_Teal,New,FALSE,Teal,Embroidery Work Hand Work,Viscose shimmer,Full Stitched,,,kg,,1895,TRUE,1895,,active
201023-beige,Beige Embroidery Work Hand Work Kurti Set with Dupatta & Bottom,"<h3>Product Details</h3>
<ul>
<li><strong>Work Pattern:</strong> Embroidery Work Hand Work</li>
<li><strong>Sleeves:</strong> 3/4 Sleve</li>
<li><strong>Set Contents:</strong> Kurti :: 1 Bottom ::1 Duptta ::1</li>
</ul>

<h3>Fabric & Sizing</h3>
<ul>
</ul>

<h3>Care & Delivery</h3>
<ul>
<li><strong>Washing:</strong> Dry clean only recommended</li>
<li><strong>Drying:</strong> Dry in shade, avoid direct sunlight</li>
<li><strong>Ironing:</strong> Iron on reverse side at low heat</li>
<li><strong>Delivery:</strong> 5-7 business days within India</li>
</ul>
",Avestam,Apparel & Accessories > Clothing > Dresses,Kurti,"Kurti, Beige, Embroidery Work, Hand Work, 3/4 Sleve, With Dupatta, With Bottom",TRUE,Size,M(38),201023_Beige-M38,500,shopify,deny,manual,1895,,TRUE,TRUE,,,,,FALSE,Beige Embroidery Work Hand Work Kurti Set with Dupatta & Bottom,Beige Embroidery Work Hand Work Kurti Set with Dupatta & Bottom,166,Female,Adult,201023_Beige,New,FALSE,Beige,Embroidery Work Hand Work,Cotton Silk,Full Stitched,,,kg,,1895,TRUE,1895,,active
201023-beige,,,Avestam,Apparel & Accessories > Clothing > Dresses,Kurti,,TRUE,Size,L(40),201023_Beige-L40,500,shopify,deny,manual,1895,,TRUE,TRUE,,,,,FALSE,,,166,Female,Adult,201023_Beige,New,FALSE,Beige,Embroidery Work Hand Work,Cotton Silk,Full Stitched,,,kg,,1895,TRUE,1895,,active
201023-beige,,,Avestam,Apparel & Accessories > Clothing > Dresses,Kurti,,TRUE,Size,XL(42),201023_Beige-XL42,500,shopify,deny,manual,1895,,TRUE,TRUE,,,,,FALSE,,,166,Female,Adult,201023_Beige,New,FALSE,Beige,Embroidery Work Hand Work,Cotton Silk,Full Stitched,,,kg,,1895,TRUE,1895,,active
201023-beige,,,Avestam,Apparel & Accessories > Clothing > Dresses,Kurti,,TRUE,Size,XXL(44),201023_Beige-XXL44,500,shopify,deny,manual,1895,,TRUE,TRUE,,,,,FALSE,,,166,Female,Adult,201023_Beige,New,FALSE,Beige,Embroidery Work Hand Work,Cotton Silk,Full Stitched,,,kg,,1895,TRUE,1895,,active
201024-tshara,Teal Embroidery Work Hand Work Kurti Set with Dupatta & Bottom,"<h3>Product Details</h3>
<ul>
<li><strong>Work Pattern:</strong> Embroidery Work Hand Work</li>
<li><strong>Sleeves:</strong> 3/4 Sleve</li>
<li><strong>Set Contents:</strong> Kurti :: 1 Bottom ::1 Duptta ::1</li>
</ul>

<h3>Fabric & Sizing</h3>
<ul>
</ul>

<h3>Care & Delivery</h3>
<ul>
<li><strong>Washing:</strong> Dry clean only recommended</li>
<li><strong>Drying:</strong> Dry in shade, avoid direct sunlight</li>
<li><strong>Ironing:</strong> Iron on reverse side at low heat</li>
<li><strong>Delivery:</strong> 5-7 business days within India</li>
</ul>
",Avestam,Apparel & Accessories > Clothing > Dresses,Kurti,"Kurti, Teal, Embroidery Work, Hand Work, 3/4 Sleve, With Dupatta, With Bottom",TRUE,Size,M(38),201024_tshara-M38,500,shopify,deny,manual,2095,,TRUE,TRUE,,,,,FALSE,Teal Embroidery Work Hand Work Kurti Set with Dupatta & Bottom,Teal Embroidery Work Hand Work Kurti Set with Dupatta & Bottom,166,Female,Adult,201024_tshara,New,FALSE,Teal,Embroidery Work Hand Work,Georgette,Full Stitched,,,kg,,2095,TRUE,2095,,active
201024-tshara,,,Avestam,Apparel & Accessories > Clothing > Dresses,Kurti,,TRUE,Size,L(40),201024_tshara-L40,500,shopify,deny,manual,2095,,TRUE,TRUE,,,,,FALSE,,,166,Female,Adult,201024_tshara,New,FALSE,Teal,Embroidery Work Hand Work,Georgette,Full Stitched,,,kg,,2095,TRUE,2095,,active
201024-tshara,,,Avestam,Apparel & Accessories > Clothing > Dresses,Kurti,,TRUE,Size,XL(42),201024_tshara-XL42,500,shopify,deny,manual,2095,,TRUE,TRUE,,,,,FALSE,,,166,Female,Adult,201024_tshara,New,FALSE,Teal,Embroidery Work Hand Work,Georgette,Full Stitched,,,kg,,2095,TRUE,2095,,active
201024-tshara,,,Avestam,Apparel & Accessories > Clothing > Dresses,Kurti,,TRUE,Size,XXL(44),201024_tshara-XXL44,500,shopify,deny,manual,2095,,TRUE,TRUE,,,,,FALSE,,,166,Female,Adult,201024_tshara,New,FALSE,Teal,Embroidery Work Hand Work,Georgette,Full Stitched,,,kg,,2095,TRUE,2095,,active
201025-skirt,Pink Embroidery Work Hand Work Kurti with Dupatta,"<h3>Product Details</h3>
<ul>
<li><strong>Work Pattern:</strong> Embroidery Work Hand Work</li>
<li><strong>Sleeves:</strong> 3/4 Sleve</li>
<li><strong>Set Contents:</strong> Kurti :: 1 Skirt ::1 Duptta ::1</li>
</ul>

<h3>Fabric & Sizing</h3>
<ul>
</ul>

<h3>Care & Delivery</h3>
<ul>
<li><strong>Washing:</strong> Dry clean only recommended</li>
<li><strong>Drying:</strong> Dry in shade, avoid direct sunlight</li>
<li><strong>Ironing:</strong> Iron on reverse side at low heat</li>
<li><strong>Delivery:</strong> 5-7 business days within India</li>
</ul>
",Avestam,Apparel & Accessories > Clothing > Dresses,Kurti,"Kurti, Pink, Embroidery Work, Hand Work, 3/4 Sleve, With Dupatta",TRUE,Size,M(38),201025_Skirt-M38,500,shopify,deny,manual,1595,,TRUE,TRUE,,,,,FALSE,Pink Embroidery Work Hand Work Kurti with Dupatta,Pink Embroidery Work Hand Work Kurti with Dupatta,166,Female,Adult,201025_Skirt,New,FALSE,Pink,Embroidery Work Hand Work,Cotton Silk,Full Stitched,,,kg,,1595,TRUE,1595,,active
201025-skirt,,,Avestam,Apparel & Accessories > Clothing > Dresses,Kurti,,TRUE,Size,L(40),201025_Skirt-L40,500,shopify,deny,manual,1595,,TRUE,TRUE,,,,,FALSE,,,166,Female,Adult,201025_Skirt,New,FALSE,Pink,Embroidery Work Hand Work,Cotton Silk,Full Stitched,,,kg,,1595,TRUE,1595,,active
201025-skirt,,,Avestam,Apparel & Accessories > Clothing > Dresses,Kurti,,TRUE,Size,XL(42),201025_Skirt-XL42,500,shopify,deny,manual,1595,,TRUE,TRUE,,,,,FALSE,,,166,Female,Adult,201025_Skirt,New,FALSE,Pink,Embroidery Work Hand Work,Cotton Silk,Full Stitched,,,kg,,1595,TRUE,1595,,active
201025-skirt,,,Avestam,Apparel & Accessories > Clothing > Dresses,Kurti,,TRUE,Size,XXL(44),201025_Skirt-XXL44,500,shopify,deny,manual,1595,,TRUE,TRUE,,,,,FALSE,,,166,Female,Adult,201025_Skirt,New,FALSE,Pink,Embroidery Work Hand Work,Cotton Silk,Full Stitched,,,kg,,1595,TRUE,1595,,active
201026-muster,Muster Embroidery Work Hand Work Kurti Set with Dupatta & Bottom,"<h3>Product Details</h3>
<ul>
<li><strong>Work Pattern:</strong> Embroidery Work Hand Work</li>
<li><strong>Sleeves:</strong> 3/4 Sleve</li>
<li><strong>Set Contents:</strong> Kurti :: 1 Bottom ::1 Duptta ::1</li>
</ul>

<h3>Fabric & Sizing</h3>
<ul>
</ul>

<h3>Care & Delivery</h3>
<ul>
<li><strong>Washing:</strong> Dry clean only recommended</li>
<li><strong>Drying:</strong> Dry in shade, avoid direct sunlight</li>
<li><strong>Ironing:</strong> Iron on reverse side at low heat</li>
<li><strong>Delivery:</strong> 5-7 business days within India</li>
</ul>
",Avestam,Apparel & Accessories > Clothing > Dresses,Kurti,"Kurti, Muster, Embroidery Work, Hand Work, 3/4 Sleve, With Dupatta, With Bottom",TRUE,Size,M(38),201026_Muster-M38,500,shopify,deny,manual,2095,,TRUE,TRUE,,,,,FALSE,Muster Embroidery Work Hand Work Kurti Set with Dupatta & Bottom,Muster Embroidery Work Hand Work Kurti Set with Dupatta & Bottom,166,Female,Adult,201026_Muster,New,FALSE,Muster,Embroidery Work Hand Work,Cotton Silk,Full Stitched,,,kg,,2095,TRUE,2095,,active
201026-muster,,,Avestam,Apparel & Accessories > Clothing > Dresses,Kurti,,TRUE,Size,L(40),201026_Muster-L40,500,shopify,deny,manual,2095,,TRUE,TRUE,,,,,FALSE,,,166,Female,Adult,201026_Muster,New,FALSE,Muster,Embroidery Work Hand Work,Cotton Silk,Full Stitched,,,kg,,2095,TRUE,2095,,active
201026-muster,,,Avestam,Apparel & Accessories > Clothing > Dresses,Kurti,,TRUE,Size,XL(42),201026_Muster-XL42,500,shopify,deny,manual,2095,,TRUE,TRUE,,,,,FALSE,,,166,Female,Adult,201026_Muster,New,FALSE,Muster,Embroidery Work Hand Work,Cotton Silk,Full Stitched,,,kg,,2095,TRUE,2095,,active
201026-muster,,,Avestam,Apparel & Accessories > Clothing > Dresses,Kurti,,TRUE,Size,XXL(44),201026_Muster-XXL44,500,shopify,deny,manual,2095,,TRUE,TRUE,,,,,FALSE,,,166,Female,Adult,201026_Muster,New,FALSE,Muster,Embroidery Work Hand Work,Cotton Silk,Full Stitched,,,kg,,2095,TRUE,2095,,active
201027-purple,Purple Embroidery Work Hand Work Kurti Set with Dupatta & Bottom,"<h3>Product Details</h3>
<ul>
<li><strong>Work Pattern:</strong> Embroidery Work Hand Work</li>
<li><strong>Sleeves:</strong> 3/4 Sleve</li>
<li><strong>Set Contents:</strong> Kurti :: 1 Bottom ::1 Duptta ::1</li>
</ul>

<h3>Fabric & Sizing</h3>
<ul>
</ul>

<h3>Care & Delivery</h3>
<ul>
<li><strong>Washing:</strong> Dry clean only recommended</li>
<li><strong>Drying:</strong> Dry in shade, avoid direct sunlight</li>
<li><strong>Ironing:</strong> Iron on reverse side at low heat</li>
<li><strong>Delivery:</strong> 5-7 business days within India</li>
</ul>
",Avestam,Apparel & Accessories > Clothing > Dresses,Kurti,"Kurti, Purple, Embroidery Work, Hand Work, 3/4 Sleve, With Dupatta, With Bottom",TRUE,Size,M(38),201027_Purple-M38,500,shopify,deny,manual,2095,,TRUE,TRUE,,,,,FALSE,Purple Embroidery Work Hand Work Kurti Set with Dupatta & Bottom,Purple Embroidery Work Hand Work Kurti Set with Dupatta & Bottom,166,Female,Adult,201027_Purple,New,FALSE,Purple,Embroidery Work Hand Work,Cotton Silk,Full Stitched,,,kg,,2095,TRUE,2095,,active
201027-purple,,,Avestam,Apparel & Accessories > Clothing > Dresses,Kurti,,TRUE,Size,L(40),201027_Purple-L40,500,shopify,deny,manual,2095,,TRUE,TRUE,,,,,FALSE,,,166,Female,Adult,201027_Purple,New,FALSE,Purple,Embroidery Work Hand Work,Cotton Silk,Full Stitched,,,kg,,2095,TRUE,2095,,active
201027-purple,,,Avestam,Apparel & Accessories > Clothing > Dresses,Kurti,,TRUE,Size,XL(42),201027_Purple-XL42,500,shopify,deny,manual,2095,,TRUE,TRUE,,,,,FALSE,,,166,Female,Adult,201027_Purple,New,FALSE,Purple,Embroidery Work Hand Work,Cotton Silk,Full Stitched,,,kg,,2095,TRUE,2095,,active
201027-purple,,,Avestam,Apparel & Accessories > Clothing > Dresses,Kurti,,TRUE,Size,XXL(44),201027_Purple-XXL44,500,shopify,deny,manual,2095,,TRUE,TRUE,,,,,FALSE,,,166,Female,Adult,201027_Purple,New,FALSE,Purple,Embroidery Work Hand Work,Cotton Silk,Full Stitched,,,kg,,2095,TRUE,2095,,active
n201027-purple,Purple Embroidery Work Hand Work Kurti Set with Dupatta & Bottom,"<h3>Product Details</h3>
<ul>
<li><strong>Work Pattern:</strong> Embroidery Work Hand Work</li>
<li><strong>Sleeves:</strong> 3/4 Sleve</li>
<li><strong>Set Contents:</strong> Kurti :: 1 Bottom ::1 Duptta ::1</li>
</ul>

<h3>Fabric & Sizing</h3>
<ul>
</ul>

<h3>Care & Delivery</h3>
<ul>
<li><strong>Washing:</strong> Dry clean only recommended</li>
<li><strong>Drying:</strong> Dry in shade, avoid direct sunlight</li>
<li><strong>Ironing:</strong> Iron on reverse side at low heat</li>
<li><strong>Delivery:</strong> 5-7 business days within India</li>
</ul>
",Avestam,Apparel & Accessories > Clothing > Dresses,Kurti,"Kurti, Purple, Embroidery Work, Hand Work, 3/4 Sleve, With Dupatta, With Bottom",TRUE,Size,M(38),N201027_Purple-M38,500,shopify,deny,manual,2095,,TRUE,TRUE,,,,,FALSE,Purple Embroidery Work Hand Work Kurti Set with Dupatta & Bottom,Purple Embroidery Work Hand Work Kurti Set with Dupatta & Bottom,166,Female,Adult,N201027_Purple,New,FALSE,Purple,Embroidery Work Hand Work,Cotton Silk,Full Stitched,,,kg,,2095,TRUE,2095,,active
n201027-purple,,,Avestam,Apparel & Accessories > Clothing > Dresses,Kurti,,TRUE,Size,L(40),N201027_Purple-L40,500,shopify,deny,manual,2095,,TRUE,TRUE,,,,,FALSE,,,166,Female,Adult,N201027_Purple,New,FALSE,Purple,Embroidery Work Hand Work,Cotton Silk,Full Stitched,,,kg,,2095,TRUE,2095,,active
n201027-purple,,,Avestam,Apparel & Accessories > Clothing > Dresses,Kurti,,TRUE,Size,XL(42),N201027_Purple-XL42,500,shopify,deny,manual,2095,,TRUE,TRUE,,,,,FALSE,,,166,Female,Adult,N201027_Purple,New,FALSE,Purple,Embroidery Work Hand Work,Cotton Silk,Full Stitched,,,kg,,2095,TRUE,2095,,active
n201027-purple,,,Avestam,Apparel & Accessories > Clothing > Dresses,Kurti,,TRUE,Size,XXL(44),N201027_Purple-XXL44,500,shopify,deny,manual,2095,,TRUE,TRUE,,,,,FALSE,,,166,Female,Adult,N201027_Purple,New,FALSE,Purple,Embroidery Work Hand Work,Cotton Silk,Full Stitched,,,kg,,2095,TRUE,2095,,active
nn201027-purple,Purple Embroidery Work Hand Work Kurti Set with Dupatta & Bottom,"<h3>Product Details</h3>
<ul>
<li><strong>Work Pattern:</strong> Embroidery Work Hand Work</li>
<li><strong>Sleeves:</strong> 3/4 Sleve</li>
<li><strong>Set Contents:</strong> Kurti :: 1 Bottom ::1 Duptta ::1</li>
</ul>

<h3>Fabric & Sizing</h3>
<ul>
</ul>

<h3>Care & Delivery</h3>
<ul>
<li><strong>Washing:</strong> Dry clean only recommended</li>
<li><strong>Drying:</strong> Dry in shade, avoid direct sunlight</li>
<li><strong>Ironing:</strong> Iron on reverse side at low heat</li>
<li><strong>Delivery:</strong> 5-7 business days within India</li>
</ul>
",Avestam,Apparel & Accessories > Clothing > Dresses,Kurti,"Kurti, Purple, Embroidery Work, Hand Work, 3/4 Sleve, With Dupatta, With Bottom",TRUE,Size,M(38),NN201027_Purple-M38,500,shopify,deny,manual,2095,,TRUE,TRUE,,,,,FALSE,Purple Embroidery Work Hand Work Kurti Set with Dupatta & Bottom,Purple Embroidery Work Hand Work Kurti Set with Dupatta & Bottom,166,Female,Adult,NN201027_Purple,New,FALSE,Purple,Embroidery Work Hand Work,Cotton Silk,Full Stitched,,,kg,,2095,TRUE,2095,,active
nn201027-purple,,,Avestam,Apparel & Accessories > Clothing > Dresses,Kurti,,TRUE,Size,L(40),NN201027_Purple-L40,500,shopify,deny,manual,2095,,TRUE,TRUE,,,,,FALSE,,,166,Female,Adult,NN201027_Purple,New,FALSE,Purple,Embroidery Work Hand Work,Cotton Silk,Full Stitched,,,kg,,2095,TRUE,2095,,active
nn201027-purple,,,Avestam,Apparel & Accessories > Clothing > Dresses,Kurti,,TRUE,Size,XL(42),NN201027_Purple-XL42,500,shopify,deny,manual,2095,,TRUE,TRUE,,,,,FALSE,,,166,Female,Adult,NN201027_Purple,New,FALSE,Purple,Embroidery Work Hand Work,Cotton Silk,Full Stitched,,,kg,,2095,TRUE,2095,,active
nn201027-purple,,,Avestam,Apparel & Accessories > Clothing > Dresses,Kurti,,TRUE,Size,XXL(44),NN201027_Purple-XXL44,500,shopify,deny,manual,2095,,TRUE,TRUE,,,,,FALSE,,,166,Female,Adult,NN201027_Purple,New,FALSE,Purple,Embroidery Work Hand Work,Cotton Silk,Full Stitched,,,kg,,2095,TRUE,2095,,active
201028-black,Black Embroidery With Sequence Work Kurti Set with Dupatta & Bottom,"<h3>Product Details</h3>
<ul>
<li><strong>Work Pattern:</strong> Embroidery With Sequence Work</li>
<li><strong>Sleeves:</strong> Full Sleeve</li>
<li><strong>Set Contents:</strong> Kurti :: 1 Bottom ::1 Duptta ::1</li>
</ul>

<h3>Fabric & Sizing</h3>
<ul>
</ul>

<h3>Care & Delivery</h3>
<ul>
<li><strong>Washing:</strong> Dry clean only recommended</li>
<li><strong>Drying:</strong> Dry in shade, avoid direct sunlight</li>
<li><strong>Ironing:</strong> Iron on reverse side at low heat</li>
<li><strong>Delivery:</strong> 5-7 business days within India</li>
</ul>
",Avestam,Apparel & Accessories > Clothing > Dresses,Kurti,"Kurti, Black, Embroidery Work, Full Sleeve, With Dupatta, With Bottom",TRUE,Size,M(38),201028_Black-M38,500,shopify,deny,manual,1896,,TRUE,TRUE,,,,,FALSE,Black Embroidery With Sequence Work Kurti Set with Dupatta & Bottom,Black Embroidery With Sequence Work Kurti Set with Dupatta & Bottom,166,Female,Adult,201028_Black,New,FALSE,Black,Embroidery With Sequence Work,Cotton Silk,Full Stitched,,,kg,,1896,TRUE,1896,,active
201028-black,,,Avestam,Apparel & Accessories > Clothing > Dresses,Kurti,,TRUE,Size,L(40),201028_Black-L40,500,shopify,deny,manual,1896,,TRUE,TRUE,,,,,FALSE,,,166,Female,Adult,201028_Black,New,FALSE,Black,Embroidery With Sequence Work,Cotton Silk,Full Stitched,,,kg,,1896,TRUE,1896,,active
201028-black,,,Avestam,Apparel & Accessories > Clothing > Dresses,Kurti,,TRUE,Size,XL(42),201028_Black-XL42,500,shopify,deny,manual,1896,,TRUE,TRUE,,,,,FALSE,,,166,Female,Adult,201028_Black,New,FALSE,Black,Embroidery With Sequence Work,Cotton Silk,Full Stitched,,,kg,,1896,TRUE,1896,,active
201028-black,,,Avestam,Apparel & Accessories > Clothing > Dresses,Kurti,,TRUE,Size,XXL(44),201028_Black-XXL44,500,shopify,deny,manual,1896,,TRUE,TRUE,,,,,FALSE,,,166,Female,Adult,201028_Black,New,FALSE,Black,Embroidery With Sequence Work,Cotton Silk,Full Stitched,,,kg,,1896,TRUE,1896,,active
201028-green,Green Embroidery With Sequence Work Kurti Set with Dupatta & Bottom,"<h3>Product Details</h3>
<ul>
<li><strong>Work Pattern:</strong> Embroidery With Sequence Work</li>
<li><strong>Sleeves:</strong> Full Sleeve</li>
<li><strong>Set Contents:</strong> Kurti :: 1 Bottom ::1 Duptta ::1</li>
</ul>

<h3>Fabric & Sizing</h3>
<ul>
</ul>

<h3>Care & Delivery</h3>
<ul>
<li><strong>Washing:</strong> Dry clean only recommended</li>
<li><strong>Drying:</strong> Dry in shade, avoid direct sunlight</li>
<li><strong>Ironing:</strong> Iron on reverse side at low heat</li>
<li><strong>Delivery:</strong> 5-7 business days within India</li>
</ul>
",Avestam,Apparel & Accessories > Clothing > Dresses,Kurti,"Kurti, Green, Embroidery Work, Full Sleeve, With Dupatta, With Bottom",TRUE,Size,M(38),201028_Green-M38,500,shopify,deny,manual,1896,,TRUE,TRUE,,,,,FALSE,Green Embroidery With Sequence Work Kurti Set with Dupatta & Bottom,Green Embroidery With Sequence Work Kurti Set with Dupatta & Bottom,166,Female,Adult,201028_Green,New,FALSE,Green,Embroidery With Sequence Work,Cotton Silk,Full Stitched,,,kg,,1896,TRUE,1896,,active
201028-green,,,Avestam,Apparel & Accessories > Clothing > Dresses,Kurti,,TRUE,Size,L(40),201028_Green-L40,500,shopify,deny,manual,1896,,TRUE,TRUE,,,,,FALSE,,,166,Female,Adult,201028_Green,New,FALSE,Green,Embroidery With Sequence Work,Cotton Silk,Full Stitched,,,kg,,1896,TRUE,1896,,active
201028-green,,,Avestam,Apparel & Accessories > Clothing > Dresses,Kurti,,TRUE,Size,XL(42),201028_Green-XL42,500,shopify,deny,manual,1896,,TRUE,TRUE,,,,,FALSE,,,166,Female,Adult,201028_Green,New,FALSE,Green,Embroidery With Sequence Work,Cotton Silk,Full Stitched,,,kg,,1896,TRUE,1896,,active
201028-green,,,Avestam,Apparel & Accessories > Clothing > Dresses,Kurti,,TRUE,Size,XXL(44),201028_Green-XXL44,500,shopify,deny,manual,1896,,TRUE,TRUE,,,,,FALSE,,,166,Female,Adult,201028_Green,New,FALSE,Green,Embroidery With Sequence Work,Cotton Silk,Full Stitched,,,kg,,1896,TRUE,1896,,active
201028-pink,Pink Embroidery With Sequence Work Kurti Set with Dupatta & Bottom,"<h3>Product Details</h3>
<ul>
<li><strong>Work Pattern:</strong> Embroidery With Sequence Work</li>
<li><strong>Sleeves:</strong> Full Sleeve</li>
<li><strong>Set Contents:</strong> Kurti :: 1 Bottom ::1 Duptta ::1</li>
</ul>

<h3>Fabric & Sizing</h3>
<ul>
</ul>

<h3>Care & Delivery</h3>
<ul>
<li><strong>Washing:</strong> Dry clean only recommended</li>
<li><strong>Drying:</strong> Dry in shade, avoid direct sunlight</li>
<li><strong>Ironing:</strong> Iron on reverse side at low heat</li>
<li><strong>Delivery:</strong> 5-7 business days within India</li>
</ul>
",Avestam,Apparel & Accessories > Clothing > Dresses,Kurti,"Kurti, Pink, Embroidery Work, Full Sleeve, With Dupatta, With Bottom",TRUE,Size,M(38),201028_Pink-M38,500,shopify,deny,manual,1896,,TRUE,TRUE,,,,,FALSE,Pink Embroidery With Sequence Work Kurti Set with Dupatta & Bottom,Pink Embroidery With Sequence Work Kurti Set with Dupatta & Bottom,166,Female,Adult,201028_Pink,New,FALSE,Pink,Embroidery With Sequence Work,Cotton Silk,Full Stitched,,,kg,,1896,TRUE,1896,,active
201028-pink,,,Avestam,Apparel & Accessories > Clothing > Dresses,Kurti,,TRUE,Size,L(40),201028_Pink-L40,500,shopify,deny,manual,1896,,TRUE,TRUE,,,,,FALSE,,,166,Female,Adult,201028_Pink,New,FALSE,Pink,Embroidery With Sequence Work,Cotton Silk,Full Stitched,,,kg,,1896,TRUE,1896,,active
201028-pink,,,Avestam,Apparel & Accessories > Clothing > Dresses,Kurti,,TRUE,Size,XL(42),201028_Pink-XL42,500,shopify,deny,manual,1896,,TRUE,TRUE,,,,,FALSE,,,166,Female,Adult,201028_Pink,New,FALSE,Pink,Embroidery With Sequence Work,Cotton Silk,Full Stitched,,,kg,,1896,TRUE,1896,,active
201028-pink,,,Avestam,Apparel & Accessories > Clothing > Dresses,Kurti,,TRUE,Size,XXL(44),201028_Pink-XXL44,500,shopify,deny,manual,1896,,TRUE,TRUE,,,,,FALSE,,,166,Female,Adult,201028_Pink,New,FALSE,Pink,Embroidery With Sequence Work,Cotton Silk,Full Stitched,,,kg,,1896,TRUE,1896,,active
201029-pink,Pink Embroidery With Sequence Work Kurti Set with Dupatta & Bottom,"<h3>Product Details</h3>
<ul>
<li><strong>Work Pattern:</strong> Embroidery With Sequence Work</li>
<li><strong>Sleeves:</strong> Full Sleeve</li>
<li><strong>Set Contents:</strong> Kurti :: 1 Bottom ::1 Duptta ::1</li>
</ul>

<h3>Fabric & Sizing</h3>
<ul>
</ul>

<h3>Care & Delivery</h3>
<ul>
<li><strong>Washing:</strong> Dry clean only recommended</li>
<li><strong>Drying:</strong> Dry in shade, avoid direct sunlight</li>
<li><strong>Ironing:</strong> Iron on reverse side at low heat</li>
<li><strong>Delivery:</strong> 5-7 business days within India</li>
</ul>
",Avestam,Apparel & Accessories > Clothing > Dresses,Kurti,"Kurti, Pink, Embroidery Work, Full Sleeve, With Dupatta, With Bottom",TRUE,Size,M(38),201029_Pink-M38,500,shopify,deny,manual,1896,,TRUE,TRUE,,,,,FALSE,Pink Embroidery With Sequence Work Kurti Set with Dupatta & Bottom,Pink Embroidery With Sequence Work Kurti Set with Dupatta & Bottom,166,Female,Adult,201029_Pink,New,FALSE,Pink,Embroidery With Sequence Work,Cotton Silk,Full Stitched,,,kg,,1896,TRUE,1896,,active
201029-pink,,,Avestam,Apparel & Accessories > Clothing > Dresses,Kurti,,TRUE,Size,L(40),201029_Pink-L40,500,shopify,deny,manual,1896,,TRUE,TRUE,,,,,FALSE,,,166,Female,Adult,201029_Pink,New,FALSE,Pink,Embroidery With Sequence Work,Cotton Silk,Full Stitched,,,kg,,1896,TRUE,1896,,active
201029-pink,,,Avestam,Apparel & Accessories > Clothing > Dresses,Kurti,,TRUE,Size,XL(42),201029_Pink-XL42,500,shopify,deny,manual,1896,,TRUE,TRUE,,,,,FALSE,,,166,Female,Adult,201029_Pink,New,FALSE,Pink,Embroidery With Sequence Work,Cotton Silk,Full Stitched,,,kg,,1896,TRUE,1896,,active
201029-pink,,,Avestam,Apparel & Accessories > Clothing > Dresses,Kurti,,TRUE,Size,XXL(44),201029_Pink-XXL44,500,shopify,deny,manual,1896,,TRUE,TRUE,,,,,FALSE,,,166,Female,Adult,201029_Pink,New,FALSE,Pink,Embroidery With Sequence Work,Cotton Silk,Full Stitched,,,kg,,1896,TRUE,1896,,active
201029-green,Green Embroidery With Sequence Work Kurti Set with Dupatta & Bottom,"<h3>Product Details</h3>
<ul>
<li><strong>Work Pattern:</strong> Embroidery With Sequence Work</li>
<li><strong>Sleeves:</strong> Full Sleeve</li>
<li><strong>Set Contents:</strong> Kurti :: 1 Bottom ::1 Duptta ::1</li>
</ul>

<h3>Fabric & Sizing</h3>
<ul>
</ul>

<h3>Care & Delivery</h3>
<ul>
<li><strong>Washing:</strong> Dry clean only recommended</li>
<li><strong>Drying:</strong> Dry in shade, avoid direct sunlight</li>
<li><strong>Ironing:</strong> Iron on reverse side at low heat</li>
<li><strong>Delivery:</strong> 5-7 business days within India</li>
</ul>
",Avestam,Apparel & Accessories > Clothing > Dresses,Kurti,"Kurti, Green, Embroidery Work, Full Sleeve, With Dupatta, With Bottom",TRUE,Size,M(38),201029_Green-M38,500,shopify,deny,manual,1896,,TRUE,TRUE,,,,,FALSE,Green Embroidery With Sequence Work Kurti Set with Dupatta & Bottom,Green Embroidery With Sequence Work Kurti Set with Dupatta & Bottom,166,Female,Adult,201029_Green,New,FALSE,Green,Embroidery With Sequence Work,Cotton Silk,Full Stitched,,,kg,,1896,TRUE,1896,,active
201029-green,,,Avestam,Apparel & Accessories > Clothing > Dresses,Kurti,,TRUE,Size,L(40),201029_Green-L40,500,shopify,deny,manual,1896,,TRUE,TRUE,,,,,FALSE,,,166,Female,Adult,201029_Green,New,FALSE,Green,Embroidery With Sequence Work,Cotton Silk,Full Stitched,,,kg,,1896,TRUE,1896,,active
201029-green,,,Avestam,Apparel & Accessories > Clothing > Dresses,Kurti,,TRUE,Size,XL(42),201029_Green-XL42,500,shopify,deny,manual,1896,,TRUE,TRUE,,,,,FALSE,,,166,Female,Adult,201029_Green,New,FALSE,Green,Embroidery With Sequence Work,Cotton Silk,Full Stitched,,,kg,,1896,TRUE,1896,,active
201029-green,,,Avestam,Apparel & Accessories > Clothing > Dresses,Kurti,,TRUE,Size,XXL(44),201029_Green-XXL44,500,shopify,deny,manual,1896,,TRUE,TRUE,,,,,FALSE,,,166,Female,Adult,201029_Green,New,FALSE,Green,Embroidery With Sequence Work,Cotton Silk,Full Stitched,,,kg,,1896,TRUE,1896,,active
201029-black,Black Embroidery With Sequence Work Kurti Set with Dupatta & Bottom,"<h3>Product Details</h3>
<ul>
<li><strong>Work Pattern:</strong> Embroidery With Sequence Work</li>
<li><strong>Sleeves:</strong> Full Sleeve</li>
<li><strong>Set Contents:</strong> Kurti :: 1 Bottom ::1 Duptta ::1</li>
</ul>

<h3>Fabric & Sizing</h3>
<ul>
</ul>

<h3>Care & Delivery</h3>
<ul>
<li><strong>Washing:</strong> Dry clean only recommended</li>
<li><strong>Drying:</strong> Dry in shade, avoid direct sunlight</li>
<li><strong>Ironing:</strong> Iron on reverse side at low heat</li>
<li><strong>Delivery:</strong> 5-7 business days within India</li>
</ul>
",Avestam,Apparel & Accessories > Clothing > Dresses,Kurti,"Kurti, Black, Embroidery Work, Full Sleeve, With Dupatta, With Bottom",TRUE,Size,M(38),201029_Black-M38,500,shopify,deny,manual,1896,,TRUE,TRUE,,,,,FALSE,Black Embroidery With Sequence Work Kurti Set with Dupatta & Bottom,Black Embroidery With Sequence Work Kurti Set with Dupatta & Bottom,166,Female,Adult,201029_Black,New,FALSE,Black,Embroidery With Sequence Work,Cotton Silk,Full Stitched,,,kg,,1896,TRUE,1896,,active
201029-black,,,Avestam,Apparel & Accessories > Clothing > Dresses,Kurti,,TRUE,Size,L(40),201029_Black-L40,500,shopify,deny,manual,1896,,TRUE,TRUE,,,,,FALSE,,,166,Female,Adult,201029_Black,New,FALSE,Black,Embroidery With Sequence Work,Cotton Silk,Full Stitched,,,kg,,1896,TRUE,1896,,active
201029-black,,,Avestam,Apparel & Accessories > Clothing > Dresses,Kurti,,TRUE,Size,XL(42),201029_Black-XL42,500,shopify,deny,manual,1896,,TRUE,TRUE,,,,,FALSE,,,166,Female,Adult,201029_Black,New,FALSE,Black,Embroidery With Sequence Work,Cotton Silk,Full Stitched,,,kg,,1896,TRUE,1896,,active
201029-black,,,Avestam,Apparel & Accessories > Clothing > Dresses,Kurti,,TRUE,Size,XXL(44),201029_Black-XXL44,500,shopify,deny,manual,1896,,TRUE,TRUE,,,,,FALSE,,,166,Female,Adult,201029_Black,New,FALSE,Black,Embroidery With Sequence Work,Cotton Silk,Full Stitched,,,kg,,1896,TRUE,1896,,active
201030-peach,Peach Embroidery With Multi Thread Work Kurti Set with Dupatta & Bottom,"<h3>Product Details</h3>
<ul>
<li><strong>Work Pattern:</strong> Embroidery With Multi Thread Work</li>
<li><strong>Sleeves:</strong> 3/4 Sleve</li>
<li><strong>Set Contents:</strong> Kurti :: 1 Bottom ::1 Duptta ::1</li>
</ul>

<h3>Fabric & Sizing</h3>
<ul>
</ul>

<h3>Care & Delivery</h3>
<ul>
<li><strong>Washing:</strong> Dry clean only recommended</li>
<li><strong>Drying:</strong> Dry in shade, avoid direct sunlight</li>
<li><strong>Ironing:</strong> Iron on reverse side at low heat</li>
<li><strong>Delivery:</strong> 5-7 business days within India</li>
</ul>
",Avestam,Apparel & Accessories > Clothing > Dresses,Kurti,"Kurti, Peach, Embroidery Work, 3/4 Sleve, With Dupatta, With Bottom",TRUE,Size,M(38),201030_Peach-M38,500,shopify,deny,manual,1896,,TRUE,TRUE,,,,,FALSE,Peach Embroidery With Multi Thread Work Kurti Set with Dupatta & Bottom,Peach Embroidery With Multi Thread Work Kurti Set with Dupatta & Bottom,166,Female,Adult,201030_Peach,New,FALSE,Peach,Embroidery With Multi Thread Work,Vatican,Full Stitched,,,kg,,1896,TRUE,1896,,active
201030-peach,,,Avestam,Apparel & Accessories > Clothing > Dresses,Kurti,,TRUE,Size,L(40),201030_Peach-L40,500,shopify,deny,manual,1896,,TRUE,TRUE,,,,,FALSE,,,166,Female,Adult,201030_Peach,New,FALSE,Peach,Embroidery With Multi Thread Work,Vatican,Full Stitched,,,kg,,1896,TRUE,1896,,active
201030-peach,,,Avestam,Apparel & Accessories > Clothing > Dresses,Kurti,,TRUE,Size,XL(42),201030_Peach-XL42,500,shopify,deny,manual,1896,,TRUE,TRUE,,,,,FALSE,,,166,Female,Adult,201030_Peach,New,FALSE,Peach,Embroidery With Multi Thread Work,Vatican,Full Stitched,,,kg,,1896,TRUE,1896,,active
201030-peach,,,Avestam,Apparel & Accessories > Clothing > Dresses,Kurti,,TRUE,Size,XXL(44),201030_Peach-XXL44,500,shopify,deny,manual,1896,,TRUE,TRUE,,,,,FALSE,,,166,Female,Adult,201030_Peach,New,FALSE,Peach,Embroidery With Multi Thread Work,Vatican,Full Stitched,,,kg,,1896,TRUE,1896,,active
201030-lavender,Lavender Embroidery With Multi Thread Work Kurti Set with Dupatta & Bottom,"<h3>Product Details</h3>
<ul>
<li><strong>Work Pattern:</strong> Embroidery With Multi Thread Work</li>
<li><strong>Sleeves:</strong> 3/4 Sleve</li>
<li><strong>Set Contents:</strong> Kurti :: 1 Bottom ::1 Duptta ::1</li>
</ul>

<h3>Fabric & Sizing</h3>
<ul>
</ul>

<h3>Care & Delivery</h3>
<ul>
<li><strong>Washing:</strong> Dry clean only recommended</li>
<li><strong>Drying:</strong> Dry in shade, avoid direct sunlight</li>
<li><strong>Ironing:</strong> Iron on reverse side at low heat</li>
<li><strong>Delivery:</strong> 5-7 business days within India</li>
</ul>
",Avestam,Apparel & Accessories > Clothing > Dresses,Kurti,"Kurti, Lavender, Embroidery Work, 3/4 Sleve, With Dupatta, With Bottom",TRUE,Size,M(38),201030_Lavender-M38,500,shopify,deny,manual,1896,,TRUE,TRUE,,,,,FALSE,Lavender Embroidery With Multi Thread Work Kurti Set with Dupatta & Bottom,Lavender Embroidery With Multi Thread Work Kurti Set with Dupatta & Bottom,166,Female,Adult,201030_Lavender,New,FALSE,Lavender,Embroidery With Multi Thread Work,Vatican,Full Stitched,,,kg,,1896,TRUE,1896,,active
201030-lavender,,,Avestam,Apparel & Accessories > Clothing > Dresses,Kurti,,TRUE,Size,L(40),201030_Lavender-L40,500,shopify,deny,manual,1896,,TRUE,TRUE,,,,,FALSE,,,166,Female,Adult,201030_Lavender,New,FALSE,Lavender,Embroidery With Multi Thread Work,Vatican,Full Stitched,,,kg,,1896,TRUE,1896,,active
201030-lavender,,,Avestam,Apparel & Accessories > Clothing > Dresses,Kurti,,TRUE,Size,XL(42),201030_Lavender-XL42,500,shopify,deny,manual,1896,,TRUE,TRUE,,,,,FALSE,,,166,Female,Adult,201030_Lavender,New,FALSE,Lavender,Embroidery With Multi Thread Work,Vatican,Full Stitched,,,kg,,1896,TRUE,1896,,active
201030-lavender,,,Avestam,Apparel & Accessories > Clothing > Dresses,Kurti,,TRUE,Size,XXL(44),201030_Lavender-XXL44,500,shopify,deny,manual,1896,,TRUE,TRUE,,,,,FALSE,,,166,Female,Adult,201030_Lavender,New,FALSE,Lavender,Embroidery With Multi Thread Work,Vatican,Full Stitched,,,kg,,1896,TRUE,1896,,active
201030-grey,Grey Embroidery With Multi Thread Work Kurti Set with Dupatta & Bottom,"<h3>Product Details</h3>
<ul>
<li><strong>Work Pattern:</strong> Embroidery With Multi Thread Work</li>
<li><strong>Sleeves:</strong> 3/4 Sleve</li>
<li><strong>Set Contents:</strong> Kurti :: 1 Bottom ::1 Duptta ::1</li>
</ul>

<h3>Fabric & Sizing</h3>
<ul>
</ul>

<h3>Care & Delivery</h3>
<ul>
<li><strong>Washing:</strong> Dry clean only recommended</li>
<li><strong>Drying:</strong> Dry in shade, avoid direct sunlight</li>
<li><strong>Ironing:</strong> Iron on reverse side at low heat</li>
<li><strong>Delivery:</strong> 5-7 business days within India</li>
</ul>
",Avestam,Apparel & Accessories > Clothing > Dresses,Kurti,"Kurti, Grey, Embroidery Work, 3/4 Sleve, With Dupatta, With Bottom",TRUE,Size,M(38),201030_Grey-M38,500,shopify,deny,manual,1896,,TRUE,TRUE,,,,,FALSE,Grey Embroidery With Multi Thread Work Kurti Set with Dupatta & Bottom,Grey Embroidery With Multi Thread Work Kurti Set with Dupatta & Bottom,166,Female,Adult,201030_Grey,New,FALSE,Grey,Embroidery With Multi Thread Work,Vatican,Full Stitched,,,kg,,1896,TRUE,1896,,active
201030-grey,,,Avestam,Apparel & Accessories > Clothing > Dresses,Kurti,,TRUE,Size,L(40),201030_Grey-L40,500,shopify,deny,manual,1896,,TRUE,TRUE,,,,,FALSE,,,166,Female,Adult,201030_Grey,New,FALSE,Grey,Embroidery With Multi Thread Work,Vatican,Full Stitched,,,kg,,1896,TRUE,1896,,active
201030-grey,,,Avestam,Apparel & Accessories > Clothing > Dresses,Kurti,,TRUE,Size,XL(42),201030_Grey-XL42,500,shopify,deny,manual,1896,,TRUE,TRUE,,,,,FALSE,,,166,Female,Adult,201030_Grey,New,FALSE,Grey,Embroidery With Multi Thread Work,Vatican,Full Stitched,,,kg,,1896,TRUE,1896,,active
201030-grey,,,Avestam,Apparel & Accessories > Clothing > Dresses,Kurti,,TRUE,Size,XXL(44),201030_Grey-XXL44,500,shopify,deny,manual,1896,,TRUE,TRUE,,,,,FALSE,,,166,Female,Adult,201030_Grey,New,FALSE,Grey,Embroidery With Multi Thread Work,Vatican,Full Stitched,,,kg,,1896,TRUE,1896,,active
201031-purple,Purple Embroidery Work Hand Work Kurti Set with Dupatta & Bottom,"<h3>Product Details</h3>
<ul>
<li><strong>Work Pattern:</strong> Embroidery Work Hand Work</li>
<li><strong>Sleeves:</strong> 3/4 Sleve</li>
<li><strong>Set Contents:</strong> Kurti :: 1 Bottom ::1 Duptta ::1</li>
</ul>

<h3>Fabric & Sizing</h3>
<ul>
</ul>

<h3>Care & Delivery</h3>
<ul>
<li><strong>Washing:</strong> Dry clean only recommended</li>
<li><strong>Drying:</strong> Dry in shade, avoid direct sunlight</li>
<li><strong>Ironing:</strong> Iron on reverse side at low heat</li>
<li><strong>Delivery:</strong> 5-7 business days within India</li>
</ul>
",Avestam,Apparel & Accessories > Clothing > Dresses,Kurti,"Kurti, Purple, Embroidery Work, Hand Work, 3/4 Sleve, With Dupatta, With Bottom",TRUE,Size,M(38),201031_Purple-M38,500,shopify,deny,manual,1896,,TRUE,TRUE,,,,,FALSE,Purple Embroidery Work Hand Work Kurti Set with Dupatta & Bottom,Purple Embroidery Work Hand Work Kurti Set with Dupatta & Bottom,166,Female,Adult,201031_Purple,New,FALSE,Purple,Embroidery Work Hand Work,Cotton Silk,Full Stitched,,,kg,,1896,TRUE,1896,,active
201031-purple,,,Avestam,Apparel & Accessories > Clothing > Dresses,Kurti,,TRUE,Size,L(40),201031_Purple-L40,500,shopify,deny,manual,1896,,TRUE,TRUE,,,,,FALSE,,,166,Female,Adult,201031_Purple,New,FALSE,Purple,Embroidery Work Hand Work,Cotton Silk,Full Stitched,,,kg,,1896,TRUE,1896,,active
201031-purple,,,Avestam,Apparel & Accessories > Clothing > Dresses,Kurti,,TRUE,Size,XL(42),201031_Purple-XL42,500,shopify,deny,manual,1896,,TRUE,TRUE,,,,,FALSE,,,166,Female,Adult,201031_Purple,New,FALSE,Purple,Embroidery Work Hand Work,Cotton Silk,Full Stitched,,,kg,,1896,TRUE,1896,,active
201031-purple,,,Avestam,Apparel & Accessories > Clothing > Dresses,Kurti,,TRUE,Size,XXL(44),201031_Purple-XXL44,500,shopify,deny,manual,1896,,TRUE,TRUE,,,,,FALSE,,,166,Female,Adult,201031_Purple,New,FALSE,Purple,Embroidery Work Hand Work,Cotton Silk,Full Stitched,,,kg,,1896,TRUE,1896,,active
201031-dusty-lavender,Lavender Embroidery Work Hand Work Kurti Set with Dupatta & Bottom,"<h3>Product Details</h3>
<ul>
<li><strong>Work Pattern:</strong> Embroidery Work Hand Work</li>
<li><strong>Sleeves:</strong> 3/4 Sleve</li>
<li><strong>Set Contents:</strong> Kurti :: 1 Bottom ::1 Duptta ::1</li>
</ul>

<h3>Fabric & Sizing</h3>
<ul>
</ul>

<h3>Care & Delivery</h3>
<ul>
<li><strong>Washing:</strong> Dry clean only recommended</li>
<li><strong>Drying:</strong> Dry in shade, avoid direct sunlight</li>
<li><strong>Ironing:</strong> Iron on reverse side at low heat</li>
<li><strong>Delivery:</strong> 5-7 business days within India</li>
</ul>
",Avestam,Apparel & Accessories > Clothing > Dresses,Kurti,"Kurti, Lavender, Embroidery Work, Hand Work, 3/4 Sleve, With Dupatta, With Bottom",TRUE,Size,M(38),201031_Dusty Lavender-M38,500,shopify,deny,manual,1896,,TRUE,TRUE,,,,,FALSE,Lavender Embroidery Work Hand Work Kurti Set with Dupatta & Bottom,Lavender Embroidery Work Hand Work Kurti Set with Dupatta & Bottom,166,Female,Adult,201031_Dusty Lavender,New,FALSE,Lavender,Embroidery Work Hand Work,Cotton Silk,Full Stitched,,,kg,,1896,TRUE,1896,,active
201031-dusty-lavender,,,Avestam,Apparel & Accessories > Clothing > Dresses,Kurti,,TRUE,Size,L(40),201031_Dusty Lavender-L40,500,shopify,deny,manual,1896,,TRUE,TRUE,,,,,FALSE,,,166,Female,Adult,201031_Dusty Lavender,New,FALSE,Lavender,Embroidery Work Hand Work,Cotton Silk,Full Stitched,,,kg,,1896,TRUE,1896,,active
201031-dusty-lavender,,,Avestam,Apparel & Accessories > Clothing > Dresses,Kurti,,TRUE,Size,XL(42),201031_Dusty Lavender-XL42,500,shopify,deny,manual,1896,,TRUE,TRUE,,,,,FALSE,,,166,Female,Adult,201031_Dusty Lavender,New,FALSE,Lavender,Embroidery Work Hand Work,Cotton Silk,Full Stitched,,,kg,,1896,TRUE,1896,,active
201031-dusty-lavender,,,Avestam,Apparel & Accessories > Clothing > Dresses,Kurti,,TRUE,Size,XXL(44),201031_Dusty Lavender-XXL44,500,shopify,deny,manual,1896,,TRUE,TRUE,,,,,FALSE,,,166,Female,Adult,201031_Dusty Lavender,New,FALSE,Lavender,Embroidery Work Hand Work,Cotton Silk,Full Stitched,,,kg,,1896,TRUE,1896,,active
201031-yellow,Yellow Embroidery Work Hand Work Kurti Set with Dupatta & Bottom,"<h3>Product Details</h3>
<ul>
<li><strong>Work Pattern:</strong> Embroidery Work Hand Work</li>
<li><strong>Sleeves:</strong> 3/4 Sleve</li>
<li><strong>Set Contents:</strong> Kurti :: 1 Bottom ::1 Duptta ::1</li>
</ul>

<h3>Fabric & Sizing</h3>
<ul>
</ul>

<h3>Care & Delivery</h3>
<ul>
<li><strong>Washing:</strong> Dry clean only recommended</li>
<li><strong>Drying:</strong> Dry in shade, avoid direct sunlight</li>
<li><strong>Ironing:</strong> Iron on reverse side at low heat</li>
<li><strong>Delivery:</strong> 5-7 business days within India</li>
</ul>
",Avestam,Apparel & Accessories > Clothing > Dresses,Kurti,"Kurti, Yellow, Embroidery Work, Hand Work, 3/4 Sleve, With Dupatta, With Bottom",TRUE,Size,M(38),201031_Yellow-M38,500,shopify,deny,manual,1896,,TRUE,TRUE,,,,,FALSE,Yellow Embroidery Work Hand Work Kurti Set with Dupatta & Bottom,Yellow Embroidery Work Hand Work Kurti Set with Dupatta & Bottom,166,Female,Adult,201031_Yellow,New,FALSE,Yellow,Embroidery Work Hand Work,Cotton Silk,Full Stitched,,,kg,,1896,TRUE,1896,,active
201031-yellow,,,Avestam,Apparel & Accessories > Clothing > Dresses,Kurti,,TRUE,Size,L(40),201031_Yellow-L40,500,shopify,deny,manual,1896,,TRUE,TRUE,,,,,FALSE,,,166,Female,Adult,201031_Yellow,New,FALSE,Yellow,Embroidery Work Hand Work,Cotton Silk,Full Stitched,,,kg,,1896,TRUE,1896,,active
201031-yellow,,,Avestam,Apparel & Accessories > Clothing > Dresses,Kurti,,TRUE,Size,XL(42),201031_Yellow-XL42,500,shopify,deny,manual,1896,,TRUE,TRUE,,,,,FALSE,,,166,Female,Adult,201031_Yellow,New,FALSE,Yellow,Embroidery Work Hand Work,Cotton Silk,Full Stitched,,,kg,,1896,TRUE,1896,,active
201031-yellow,,,Avestam,Apparel & Accessories > Clothing > Dresses,Kurti,,TRUE,Size,XXL(44),201031_Yellow-XXL44,500,shopify,deny,manual,1896,,TRUE,TRUE,,,,,FALSE,,,166,Female,Adult,201031_Yellow,New,FALSE,Yellow,Embroidery Work Hand Work,Cotton Silk,Full Stitched,,,kg,,1896,TRUE,1896,,active
201032-cream,Cream Embroidery Work Hand Work Kurti Set with Dupatta & Bottom,"<h3>Product Details</h3>
<ul>
<li><strong>Work Pattern:</strong> Embroidery Work Hand Work</li>
<li><strong>Sleeves:</strong> 3/4 Sleve</li>
<li><strong>Set Contents:</strong> Kurti :: 1 Bottom ::1 Duptta ::1</li>
</ul>

<h3>Fabric & Sizing</h3>
<ul>
</ul>

<h3>Care & Delivery</h3>
<ul>
<li><strong>Washing:</strong> Dry clean only recommended</li>
<li><strong>Drying:</strong> Dry in shade, avoid direct sunlight</li>
<li><strong>Ironing:</strong> Iron on reverse side at low heat</li>
<li><strong>Delivery:</strong> 5-7 business days within India</li>
</ul>
",Avestam,Apparel & Accessories > Clothing > Dresses,Kurti,"Kurti, Cream, Embroidery Work, Hand Work, 3/4 Sleve, With Dupatta, With Bottom",TRUE,Size,M(38),201032_Cream-M38,500,shopify,deny,manual,1896,,TRUE,TRUE,,,,,FALSE,Cream Embroidery Work Hand Work Kurti Set with Dupatta & Bottom,Cream Embroidery Work Hand Work Kurti Set with Dupatta & Bottom,166,Female,Adult,201032_Cream,New,FALSE,Cream,Embroidery Work Hand Work,Cotton Silk,Full Stitched,,,kg,,1896,TRUE,1896,,active
201032-cream,,,Avestam,Apparel & Accessories > Clothing > Dresses,Kurti,,TRUE,Size,L(40),201032_Cream-L40,500,shopify,deny,manual,1896,,TRUE,TRUE,,,,,FALSE,,,166,Female,Adult,201032_Cream,New,FALSE,Cream,Embroidery Work Hand Work,Cotton Silk,Full Stitched,,,kg,,1896,TRUE,1896,,active
201032-cream,,,Avestam,Apparel & Accessories > Clothing > Dresses,Kurti,,TRUE,Size,XL(42),201032_Cream-XL42,500,shopify,deny,manual,1896,,TRUE,TRUE,,,,,FALSE,,,166,Female,Adult,201032_Cream,New,FALSE,Cream,Embroidery Work Hand Work,Cotton Silk,Full Stitched,,,kg,,1896,TRUE,1896,,active
201032-cream,,,Avestam,Apparel & Accessories > Clothing > Dresses,Kurti,,TRUE,Size,XXL(44),201032_Cream-XXL44,500,shopify,deny,manual,1896,,TRUE,TRUE,,,,,FALSE,,,166,Female,Adult,201032_Cream,New,FALSE,Cream,Embroidery Work Hand Work,Cotton Silk,Full Stitched,,,kg,,1896,TRUE,1896,,active
201032-aquablue,Aquablue Embroidery Work Hand Work Kurti Set with Dupatta & Bottom,"<h3>Product Details</h3>
<ul>
<li><strong>Work Pattern:</strong> Embroidery Work Hand Work</li>
<li><strong>Sleeves:</strong> 3/4 Sleve</li>
<li><strong>Set Contents:</strong> Kurti :: 1 Bottom ::1 Duptta ::1</li>
</ul>

<h3>Fabric & Sizing</h3>
<ul>
</ul>

<h3>Care & Delivery</h3>
<ul>
<li><strong>Washing:</strong> Dry clean only recommended</li>
<li><strong>Drying:</strong> Dry in shade, avoid direct sunlight</li>
<li><strong>Ironing:</strong> Iron on reverse side at low heat</li>
<li><strong>Delivery:</strong> 5-7 business days within India</li>
</ul>
",Avestam,Apparel & Accessories > Clothing > Dresses,Kurti,"Kurti, Aquablue, Embroidery Work, Hand Work, 3/4 Sleve, With Dupatta, With Bottom",TRUE,Size,M(38),201032_Aquablue-M38,500,shopify,deny,manual,1896,,TRUE,TRUE,,,,,FALSE,Aquablue Embroidery Work Hand Work Kurti Set with Dupatta & Bottom,Aquablue Embroidery Work Hand Work Kurti Set with Dupatta & Bottom,166,Female,Adult,201032_Aquablue,New,FALSE,Aquablue,Embroidery Work Hand Work,Cotton Silk,Full Stitched,,,kg,,1896,TRUE,1896,,active
201032-aquablue,,,Avestam,Apparel & Accessories > Clothing > Dresses,Kurti,,TRUE,Size,L(40),201032_Aquablue-L40,500,shopify,deny,manual,1896,,TRUE,TRUE,,,,,FALSE,,,166,Female,Adult,201032_Aquablue,New,FALSE,Aquablue,Embroidery Work Hand Work,Cotton Silk,Full Stitched,,,kg,,1896,TRUE,1896,,active
201032-aquablue,,,Avestam,Apparel & Accessories > Clothing > Dresses,Kurti,,TRUE,Size,XL(42),201032_Aquablue-XL42,500,shopify,deny,manual,1896,,TRUE,TRUE,,,,,FALSE,,,166,Female,Adult,201032_Aquablue,New,FALSE,Aquablue,Embroidery Work Hand Work,Cotton Silk,Full Stitched,,,kg,,1896,TRUE,1896,,active
201032-aquablue,,,Avestam,Apparel & Accessories > Clothing > Dresses,Kurti,,TRUE,Size,XXL(44),201032_Aquablue-XXL44,500,shopify,deny,manual,1896,,TRUE,TRUE,,,,,FALSE,,,166,Female,Adult,201032_Aquablue,New,FALSE,Aquablue,Embroidery Work Hand Work,Cotton Silk,Full Stitched,,,kg,,1896,TRUE,1896,,active
201033-green,Green Woven/printed pattern Kurti Set with Dupatta & Bottom,"<h3>Product Details</h3>
<ul>
<li><strong>Work Pattern:</strong> Woven/printed pattern</li>
<li><strong>Sleeves:</strong> 3/4 Sleve</li>
<li><strong>Set Contents:</strong> Kurti :: 1 Bottom ::1 Duptta ::1</li>
</ul>

<h3>Fabric & Sizing</h3>
<ul>
</ul>

<h3>Care & Delivery</h3>
<ul>
<li><strong>Washing:</strong> Dry clean only recommended</li>
<li><strong>Drying:</strong> Dry in shade, avoid direct sunlight</li>
<li><strong>Ironing:</strong> Iron on reverse side at low heat</li>
<li><strong>Delivery:</strong> 5-7 business days within India</li>
</ul>
",Avestam,Apparel & Accessories > Clothing > Dresses,Kurti,"Kurti, Green, Printed, 3/4 Sleve, With Dupatta, With Bottom",TRUE,Size,M(38),201033_Green-M38,500,shopify,deny,manual,1795,,TRUE,TRUE,,,,,FALSE,Green Woven/printed pattern Kurti Set with Dupatta & Bottom,Green Woven/printed pattern Kurti Set with Dupatta & Bottom,166,Female,Adult,201033_Green,New,FALSE,Green,Woven/printed pattern,Jequard Silk,Full Stitched,,,kg,,1795,TRUE,1795,,active
201033-green,,,Avestam,Apparel & Accessories > Clothing > Dresses,Kurti,,TRUE,Size,L(40),201033_Green-L40,500,shopify,deny,manual,1795,,TRUE,TRUE,,,,,FALSE,,,166,Female,Adult,201033_Green,New,FALSE,Green,Woven/printed pattern,Jequard Silk,Full Stitched,,,kg,,1795,TRUE,1795,,active
201033-green,,,Avestam,Apparel & Accessories > Clothing > Dresses,Kurti,,TRUE,Size,XL(42),201033_Green-XL42,500,shopify,deny,manual,1795,,TRUE,TRUE,,,,,FALSE,,,166,Female,Adult,201033_Green,New,FALSE,Green,Woven/printed pattern,Jequard Silk,Full Stitched,,,kg,,1795,TRUE,1795,,active
201033-green,,,Avestam,Apparel & Accessories > Clothing > Dresses,Kurti,,TRUE,Size,XXL(44),201033_Green-XXL44,500,shopify,deny,manual,1795,,TRUE,TRUE,,,,,FALSE,,,166,Female,Adult,201033_Green,New,FALSE,Green,Woven/printed pattern,Jequard Silk,Full Stitched,,,kg,,1795,TRUE,1795,,active
201033-lavender,Lavender Woven/printed pattern Kurti Set with Dupatta & Bottom,"<h3>Product Details</h3>
<ul>
<li><strong>Work Pattern:</strong> Woven/printed pattern</li>
<li><strong>Sleeves:</strong> 3/4 Sleve</li>
<li><strong>Set Contents:</strong> Kurti :: 1 Bottom ::1 Duptta ::1</li>
</ul>

<h3>Fabric & Sizing</h3>
<ul>
</ul>

<h3>Care & Delivery</h3>
<ul>
<li><strong>Washing:</strong> Dry clean only recommended</li>
<li><strong>Drying:</strong> Dry in shade, avoid direct sunlight</li>
<li><strong>Ironing:</strong> Iron on reverse side at low heat</li>
<li><strong>Delivery:</strong> 5-7 business days within India</li>
</ul>
",Avestam,Apparel & Accessories > Clothing > Dresses,Kurti,"Kurti, Lavender, Printed, 3/4 Sleve, With Dupatta, With Bottom",TRUE,Size,M(38),201033_Lavender-M38,500,shopify,deny,manual,1795,,TRUE,TRUE,,,,,FALSE,Lavender Woven/printed pattern Kurti Set with Dupatta & Bottom,Lavender Woven/printed pattern Kurti Set with Dupatta & Bottom,166,Female,Adult,201033_Lavender,New,FALSE,Lavender,Woven/printed pattern,Jequard Silk,Full Stitched,,,kg,,1795,TRUE,1795,,active
201033-lavender,,,Avestam,Apparel & Accessories > Clothing > Dresses,Kurti,,TRUE,Size,L(40),201033_Lavender-L40,500,shopify,deny,manual,1795,,TRUE,TRUE,,,,,FALSE,,,166,Female,Adult,201033_Lavender,New,FALSE,Lavender,Woven/printed pattern,Jequard Silk,Full Stitched,,,kg,,1795,TRUE,1795,,active
201033-lavender,,,Avestam,Apparel & Accessories > Clothing > Dresses,Kurti,,TRUE,Size,XL(42),201033_Lavender-XL42,500,shopify,deny,manual,1795,,TRUE,TRUE,,,,,FALSE,,,166,Female,Adult,201033_Lavender,New,FALSE,Lavender,Woven/printed pattern,Jequard Silk,Full Stitched,,,kg,,1795,TRUE,1795,,active
201033-lavender,,,Avestam,Apparel & Accessories > Clothing > Dresses,Kurti,,TRUE,Size,XXL(44),201033_Lavender-XXL44,500,shopify,deny,manual,1795,,TRUE,TRUE,,,,,FALSE,,,166,Female,Adult,201033_Lavender,New,FALSE,Lavender,Woven/printed pattern,Jequard Silk,Full Stitched,,,kg,,1795,TRUE,1795,,active
201033-pink,Pink Woven/printed pattern Kurti Set with Dupatta & Bottom,"<h3>Product Details</h3>
<ul>
<li><strong>Work Pattern:</strong> Woven/printed pattern</li>
<li><strong>Sleeves:</strong> 3/4 Sleve</li>
<li><strong>Set Contents:</strong> Kurti :: 1 Bottom ::1 Duptta ::1</li>
</ul>

<h3>Fabric & Sizing</h3>
<ul>
</ul>

<h3>Care & Delivery</h3>
<ul>
<li><strong>Washing:</strong> Dry clean only recommended</li>
<li><strong>Drying:</strong> Dry in shade, avoid direct sunlight</li>
<li><strong>Ironing:</strong> Iron on reverse side at low heat</li>
<li><strong>Delivery:</strong> 5-7 business days within India</li>
</ul>
",Avestam,Apparel & Accessories > Clothing > Dresses,Kurti,"Kurti, Pink, Printed, 3/4 Sleve, With Dupatta, With Bottom",TRUE,Size,M(38),201033_Pink-M38,500,shopify,deny,manual,1795,,TRUE,TRUE,,,,,FALSE,Pink Woven/printed pattern Kurti Set with Dupatta & Bottom,Pink Woven/printed pattern Kurti Set with Dupatta & Bottom,166,Female,Adult,201033_Pink,New,FALSE,Pink,Woven/printed pattern,Jequard Silk,Full Stitched,,,kg,,1795,TRUE,1795,,active
201033-pink,,,Avestam,Apparel & Accessories > Clothing > Dresses,Kurti,,TRUE,Size,L(40),201033_Pink-L40,500,shopify,deny,manual,1795,,TRUE,TRUE,,,,,FALSE,,,166,Female,Adult,201033_Pink,New,FALSE,Pink,Woven/printed pattern,Jequard Silk,Full Stitched,,,kg,,1795,TRUE,1795,,active
201033-pink,,,Avestam,Apparel & Accessories > Clothing > Dresses,Kurti,,TRUE,Size,XL(42),201033_Pink-XL42,500,shopify,deny,manual,1795,,TRUE,TRUE,,,,,FALSE,,,166,Female,Adult,201033_Pink,New,FALSE,Pink,Woven/printed pattern,Jequard Silk,Full Stitched,,,kg,,1795,TRUE,1795,,active
201033-pink,,,Avestam,Apparel & Accessories > Clothing > Dresses,Kurti,,TRUE,Size,XXL(44),201033_Pink-XXL44,500,shopify,deny,manual,1795,,TRUE,TRUE,,,,,FALSE,,,166,Female,Adult,201033_Pink,New,FALSE,Pink,Woven/printed pattern,Jequard Silk,Full Stitched,,,kg,,1795,TRUE,1795,,active
201033-red,Red Woven/printed pattern Kurti Set with Dupatta & Bottom,"<h3>Product Details</h3>
<ul>
<li><strong>Work Pattern:</strong> Woven/printed pattern</li>
<li><strong>Sleeves:</strong> 3/4 Sleve</li>
<li><strong>Set Contents:</strong> Kurti :: 1 Bottom ::1 Duptta ::1</li>
</ul>

<h3>Fabric & Sizing</h3>
<ul>
</ul>

<h3>Care & Delivery</h3>
<ul>
<li><strong>Washing:</strong> Dry clean only recommended</li>
<li><strong>Drying:</strong> Dry in shade, avoid direct sunlight</li>
<li><strong>Ironing:</strong> Iron on reverse side at low heat</li>
<li><strong>Delivery:</strong> 5-7 business days within India</li>
</ul>
",Avestam,Apparel & Accessories > Clothing > Dresses,Kurti,"Kurti, Red, Printed, 3/4 Sleve, With Dupatta, With Bottom",TRUE,Size,M(38),201033_Red-M38,500,shopify,deny,manual,1795,,TRUE,TRUE,,,,,FALSE,Red Woven/printed pattern Kurti Set with Dupatta & Bottom,Red Woven/printed pattern Kurti Set with Dupatta & Bottom,166,Female,Adult,201033_Red,New,FALSE,Red,Woven/printed pattern,Jequard Silk,Full Stitched,,,kg,,1795,TRUE,1795,,active
201033-red,,,Avestam,Apparel & Accessories > Clothing > Dresses,Kurti,,TRUE,Size,L(40),201033_Red-L40,500,shopify,deny,manual,1795,,TRUE,TRUE,,,,,FALSE,,,166,Female,Adult,201033_Red,New,FALSE,Red,Woven/printed pattern,Jequard Silk,Full Stitched,,,kg,,1795,TRUE,1795,,active
201033-red,,,Avestam,Apparel & Accessories > Clothing > Dresses,Kurti,,TRUE,Size,XL(42),201033_Red-XL42,500,shopify,deny,manual,1795,,TRUE,TRUE,,,,,FALSE,,,166,Female,Adult,201033_Red,New,FALSE,Red,Woven/printed pattern,Jequard Silk,Full Stitched,,,kg,,1795,TRUE,1795,,active
201033-red,,,Avestam,Apparel & Accessories > Clothing > Dresses,Kurti,,TRUE,Size,XXL(44),201033_Red-XXL44,500,shopify,deny,manual,1795,,TRUE,TRUE,,,,,FALSE,,,166,Female,Adult,201033_Red,New,FALSE,Red,Woven/printed pattern,Jequard Silk,Full Stitched,,,kg,,1795,TRUE,1795,,active
201034-beige,Beige Embroidery Sequance Work Kurti Set with Dupatta & Bottom,"<h3>Product Details</h3>
<ul>
<li><strong>Work Pattern:</strong> Embroidery Sequance Work</li>
<li><strong>Sleeves:</strong> 3/4 Sleve</li>
<li><strong>Set Contents:</strong> Kurti :: 1 Bottom ::1 Duptta ::1</li>
</ul>

<h3>Fabric & Sizing</h3>
<ul>
</ul>

<h3>Care & Delivery</h3>
<ul>
<li><strong>Washing:</strong> Dry clean only recommended</li>
<li><strong>Drying:</strong> Dry in shade, avoid direct sunlight</li>
<li><strong>Ironing:</strong> Iron on reverse side at low heat</li>
<li><strong>Delivery:</strong> 5-7 business days within India</li>
</ul>
",Avestam,Apparel & Accessories > Clothing > Dresses,Kurti,"Kurti, Beige, Embroidery Work, Sequin Work, 3/4 Sleve, With Dupatta, With Bottom",TRUE,Size,M(38),201034_Beige-M38,500,shopify,deny,manual,2095,,TRUE,TRUE,,,,,FALSE,Beige Embroidery Sequance Work Kurti Set with Dupatta & Bottom,Beige Embroidery Sequance Work Kurti Set with Dupatta & Bottom,166,Female,Adult,201034_Beige,New,FALSE,Beige,Embroidery Sequance Work,Cotton Silk,Full Stitched,,,kg,,2095,TRUE,2095,,active
201034-beige,,,Avestam,Apparel & Accessories > Clothing > Dresses,Kurti,,TRUE,Size,L(40),201034_Beige-L40,500,shopify,deny,manual,2095,,TRUE,TRUE,,,,,FALSE,,,166,Female,Adult,201034_Beige,New,FALSE,Beige,Embroidery Sequance Work,Cotton Silk,Full Stitched,,,kg,,2095,TRUE,2095,,active
201034-beige,,,Avestam,Apparel & Accessories > Clothing > Dresses,Kurti,,TRUE,Size,XL(42),201034_Beige-XL42,500,shopify,deny,manual,2095,,TRUE,TRUE,,,,,FALSE,,,166,Female,Adult,201034_Beige,New,FALSE,Beige,Embroidery Sequance Work,Cotton Silk,Full Stitched,,,kg,,2095,TRUE,2095,,active
201034-beige,,,Avestam,Apparel & Accessories > Clothing > Dresses,Kurti,,TRUE,Size,XXL(44),201034_Beige-XXL44,500,shopify,deny,manual,2095,,TRUE,TRUE,,,,,FALSE,,,166,Female,Adult,201034_Beige,New,FALSE,Beige,Embroidery Sequance Work,Cotton Silk,Full Stitched,,,kg,,2095,TRUE,2095,,active
201034-orange,Orange Embroidery Sequance Work Kurti Set with Dupatta & Bottom,"<h3>Product Details</h3>
<ul>
<li><strong>Work Pattern:</strong> Embroidery Sequance Work</li>
<li><strong>Sleeves:</strong> 3/4 Sleve</li>
<li><strong>Set Contents:</strong> Kurti :: 1 Bottom ::1 Duptta ::1</li>
</ul>

<h3>Fabric & Sizing</h3>
<ul>
</ul>

<h3>Care & Delivery</h3>
<ul>
<li><strong>Washing:</strong> Dry clean only recommended</li>
<li><strong>Drying:</strong> Dry in shade, avoid direct sunlight</li>
<li><strong>Ironing:</strong> Iron on reverse side at low heat</li>
<li><strong>Delivery:</strong> 5-7 business days within India</li>
</ul>
",Avestam,Apparel & Accessories > Clothing > Dresses,Kurti,"Kurti, Orange, Embroidery Work, Sequin Work, 3/4 Sleve, With Dupatta, With Bottom",TRUE,Size,M(38),201034_Orange-M38,500,shopify,deny,manual,1995,,TRUE,TRUE,,,,,FALSE,Orange Embroidery Sequance Work Kurti Set with Dupatta & Bottom,Orange Embroidery Sequance Work Kurti Set with Dupatta & Bottom,166,Female,Adult,201034_Orange,New,FALSE,Orange,Embroidery Sequance Work,Cotton Silk,Full Stitched,,,kg,,1995,TRUE,1995,,active
201034-orange,,,Avestam,Apparel & Accessories > Clothing > Dresses,Kurti,,TRUE,Size,L(40),201034_Orange-L40,500,shopify,deny,manual,1995,,TRUE,TRUE,,,,,FALSE,,,166,Female,Adult,201034_Orange,New,FALSE,Orange,Embroidery Sequance Work,Cotton Silk,Full Stitched,,,kg,,1995,TRUE,1995,,active
201034-orange,,,Avestam,Apparel & Accessories > Clothing > Dresses,Kurti,,TRUE,Size,XL(42),201034_Orange-XL42,500,shopify,deny,manual,1995,,TRUE,TRUE,,,,,FALSE,,,166,Female,Adult,201034_Orange,New,FALSE,Orange,Embroidery Sequance Work,Cotton Silk,Full Stitched,,,kg,,1995,TRUE,1995,,active
201034-orange,,,Avestam,Apparel & Accessories > Clothing > Dresses,Kurti,,TRUE,Size,XXL(44),201034_Orange-XXL44,500,shopify,deny,manual,1995,,TRUE,TRUE,,,,,FALSE,,,166,Female,Adult,201034_Orange,New,FALSE,Orange,Embroidery Sequance Work,Cotton Silk,Full Stitched,,,kg,,1995,TRUE,1995,,active
201034-purple,Purple Embroidery Sequance Work Kurti Set with Dupatta & Bottom,"<h3>Product Details</h3>
<ul>
<li><strong>Work Pattern:</strong> Embroidery Sequance Work</li>
<li><strong>Sleeves:</strong> 3/4 Sleve</li>
<li><strong>Set Contents:</strong> Kurti :: 1 Bottom ::1 Duptta ::1</li>
</ul>

<h3>Fabric & Sizing</h3>
<ul>
</ul>

<h3>Care & Delivery</h3>
<ul>
<li><strong>Washing:</strong> Dry clean only recommended</li>
<li><strong>Drying:</strong> Dry in shade, avoid direct sunlight</li>
<li><strong>Ironing:</strong> Iron on reverse side at low heat</li>
<li><strong>Delivery:</strong> 5-7 business days within India</li>
</ul>
",Avestam,Apparel & Accessories > Clothing > Dresses,Kurti,"Kurti, Purple, Embroidery Work, Sequin Work, 3/4 Sleve, With Dupatta, With Bottom",TRUE,Size,M(38),201034_Purple-M38,500,shopify,deny,manual,1995,,TRUE,TRUE,,,,,FALSE,Purple Embroidery Sequance Work Kurti Set with Dupatta & Bottom,Purple Embroidery Sequance Work Kurti Set with Dupatta & Bottom,166,Female,Adult,201034_Purple,New,FALSE,Purple,Embroidery Sequance Work,Cotton Silk,Full Stitched,,,kg,,1995,TRUE,1995,,active
201034-purple,,,Avestam,Apparel & Accessories > Clothing > Dresses,Kurti,,TRUE,Size,L(40),201034_Purple-L40,500,shopify,deny,manual,1995,,TRUE,TRUE,,,,,FALSE,,,166,Female,Adult,201034_Purple,New,FALSE,Purple,Embroidery Sequance Work,Cotton Silk,Full Stitched,,,kg,,1995,TRUE,1995,,active
201034-purple,,,Avestam,Apparel & Accessories > Clothing > Dresses,Kurti,,TRUE,Size,XL(42),201034_Purple-XL42,500,shopify,deny,manual,1995,,TRUE,TRUE,,,,,FALSE,,,166,Female,Adult,201034_Purple,New,FALSE,Purple,Embroidery Sequance Work,Cotton Silk,Full Stitched,,,kg,,1995,TRUE,1995,,active
201034-purple,,,Avestam,Apparel & Accessories > Clothing > Dresses,Kurti,,TRUE,Size,XXL(44),201034_Purple-XXL44,500,shopify,deny,manual,1995,,TRUE,TRUE,,,,,FALSE,,,166,Female,Adult,201034_Purple,New,FALSE,Purple,Embroidery Sequance Work,Cotton Silk,Full Stitched,,,kg,,1995,TRUE,1995,,active
201035-orange,Orange Embroidery Sequance Work Kurti Set with Dupatta & Bottom,"<h3>Product Details</h3>
<ul>
<li><strong>Work Pattern:</strong> Embroidery Sequance Work</li>
<li><strong>Sleeves:</strong> 3/4 Sleve</li>
<li><strong>Set Contents:</strong> Kurti :: 1 Bottom ::1 Duptta ::1</li>
</ul>

<h3>Fabric & Sizing</h3>
<ul>
</ul>

<h3>Care & Delivery</h3>
<ul>
<li><strong>Washing:</strong> Dry clean only recommended</li>
<li><strong>Drying:</strong> Dry in shade, avoid direct sunlight</li>
<li><strong>Ironing:</strong> Iron on reverse side at low heat</li>
<li><strong>Delivery:</strong> 5-7 business days within India</li>
</ul>
",Avestam,Apparel & Accessories > Clothing > Dresses,Kurti,"Kurti, Orange, Embroidery Work, Sequin Work, 3/4 Sleve, With Dupatta, With Bottom",TRUE,Size,M(38),201035_Orange-M38,500,shopify,deny,manual,1995,,TRUE,TRUE,,,,,FALSE,Orange Embroidery Sequance Work Kurti Set with Dupatta & Bottom,Orange Embroidery Sequance Work Kurti Set with Dupatta & Bottom,166,Female,Adult,201035_Orange,New,FALSE,Orange,Embroidery Sequance Work,Cotton Silk,Full Stitched,,,kg,,1995,TRUE,1995,,active
201035-orange,,,Avestam,Apparel & Accessories > Clothing > Dresses,Kurti,,TRUE,Size,L(40),201035_Orange-L40,500,shopify,deny,manual,1995,,TRUE,TRUE,,,,,FALSE,,,166,Female,Adult,201035_Orange,New,FALSE,Orange,Embroidery Sequance Work,Cotton Silk,Full Stitched,,,kg,,1995,TRUE,1995,,active
201035-orange,,,Avestam,Apparel & Accessories > Clothing > Dresses,Kurti,,TRUE,Size,XL(42),201035_Orange-XL42,500,shopify,deny,manual,1995,,TRUE,TRUE,,,,,FALSE,,,166,Female,Adult,201035_Orange,New,FALSE,Orange,Embroidery Sequance Work,Cotton Silk,Full Stitched,,,kg,,1995,TRUE,1995,,active
201035-orange,,,Avestam,Apparel & Accessories > Clothing > Dresses,Kurti,,TRUE,Size,XXL(44),201035_Orange-XXL44,500,shopify,deny,manual,1995,,TRUE,TRUE,,,,,FALSE,,,166,Female,Adult,201035_Orange,New,FALSE,Orange,Embroidery Sequance Work,Cotton Silk,Full Stitched,,,kg,,1995,TRUE,1995,,active
201036-mehndi,Mehndi Embroidery Work Hand Work Kurti Set with Dupatta & Bottom,"<h3>Product Details</h3>
<ul>
<li><strong>Work Pattern:</strong> Embroidery Work Hand Work</li>
<li><strong>Sleeves:</strong> 3/4 Sleve</li>
<li><strong>Set Contents:</strong> Kurti :: 1 Bottom ::1 Duptta ::1</li>
</ul>

<h3>Fabric & Sizing</h3>
<ul>
</ul>

<h3>Care & Delivery</h3>
<ul>
<li><strong>Washing:</strong> Dry clean only recommended</li>
<li><strong>Drying:</strong> Dry in shade, avoid direct sunlight</li>
<li><strong>Ironing:</strong> Iron on reverse side at low heat</li>
<li><strong>Delivery:</strong> 5-7 business days within India</li>
</ul>
",Avestam,Apparel & Accessories > Clothing > Dresses,Kurti,"Kurti, Mehndi, Embroidery Work, Hand Work, 3/4 Sleve, With Dupatta, With Bottom",TRUE,Size,M(38),201036_Mehndi-M38,500,shopify,deny,manual,1995,,TRUE,TRUE,,,,,FALSE,Mehndi Embroidery Work Hand Work Kurti Set with Dupatta & Bottom,Mehndi Embroidery Work Hand Work Kurti Set with Dupatta & Bottom,166,Female,Adult,201036_Mehndi,New,FALSE,Mehndi,Embroidery Work Hand Work,Cotton Silk,Full Stitched,,,kg,,1995,TRUE,1995,,active
201036-mehndi,,,Avestam,Apparel & Accessories > Clothing > Dresses,Kurti,,TRUE,Size,L(40),201036_Mehndi-L40,500,shopify,deny,manual,1995,,TRUE,TRUE,,,,,FALSE,,,166,Female,Adult,201036_Mehndi,New,FALSE,Mehndi,Embroidery Work Hand Work,Cotton Silk,Full Stitched,,,kg,,1995,TRUE,1995,,active
201036-mehndi,,,Avestam,Apparel & Accessories > Clothing > Dresses,Kurti,,TRUE,Size,XL(42),201036_Mehndi-XL42,500,shopify,deny,manual,1995,,TRUE,TRUE,,,,,FALSE,,,166,Female,Adult,201036_Mehndi,New,FALSE,Mehndi,Embroidery Work Hand Work,Cotton Silk,Full Stitched,,,kg,,1995,TRUE,1995,,active
201036-mehndi,,,Avestam,Apparel & Accessories > Clothing > Dresses,Kurti,,TRUE,Size,XXL(44),201036_Mehndi-XXL44,500,shopify,deny,manual,1995,,TRUE,TRUE,,,,,FALSE,,,166,Female,Adult,201036_Mehndi,New,FALSE,Mehndi,Embroidery Work Hand Work,Cotton Silk,Full Stitched,,,kg,,1995,TRUE,1995,,active
201036-teal-green,Teal Green Embroidery Work Hand Work Kurti Set with Dupatta & Bottom,"<h3>Product Details</h3>
<ul>
<li><strong>Work Pattern:</strong> Embroidery Work Hand Work</li>
<li><strong>Sleeves:</strong> 3/4 Sleve</li>
<li><strong>Set Contents:</strong> Kurti :: 1 Bottom ::1 Duptta ::1</li>
</ul>

<h3>Fabric & Sizing</h3>
<ul>
</ul>

<h3>Care & Delivery</h3>
<ul>
<li><strong>Washing:</strong> Dry clean only recommended</li>
<li><strong>Drying:</strong> Dry in shade, avoid direct sunlight</li>
<li><strong>Ironing:</strong> Iron on reverse side at low heat</li>
<li><strong>Delivery:</strong> 5-7 business days within India</li>
</ul>
",Avestam,Apparel & Accessories > Clothing > Dresses,Kurti,"Kurti, Teal Green, Embroidery Work, Hand Work, 3/4 Sleve, With Dupatta, With Bottom",TRUE,Size,M(38),201036_Teal Green-M38,500,shopify,deny,manual,1995,,TRUE,TRUE,,,,,FALSE,Teal Green Embroidery Work Hand Work Kurti Set with Dupatta & Bottom,Teal Green Embroidery Work Hand Work Kurti Set with Dupatta & Bottom,166,Female,Adult,201036_Teal Green,New,FALSE,Teal Green,Embroidery Work Hand Work,Cotton Silk,Full Stitched,,,kg,,1995,TRUE,1995,,active
201036-teal-green,,,Avestam,Apparel & Accessories > Clothing > Dresses,Kurti,,TRUE,Size,L(40),201036_Teal Green-L40,500,shopify,deny,manual,1995,,TRUE,TRUE,,,,,FALSE,,,166,Female,Adult,201036_Teal Green,New,FALSE,Teal Green,Embroidery Work Hand Work,Cotton Silk,Full Stitched,,,kg,,1995,TRUE,1995,,active
201036-teal-green,,,Avestam,Apparel & Accessories > Clothing > Dresses,Kurti,,TRUE,Size,XL(42),201036_Teal Green-XL42,500,shopify,deny,manual,1995,,TRUE,TRUE,,,,,FALSE,,,166,Female,Adult,201036_Teal Green,New,FALSE,Teal Green,Embroidery Work Hand Work,Cotton Silk,Full Stitched,,,kg,,1995,TRUE,1995,,active
201036-teal-green,,,Avestam,Apparel & Accessories > Clothing > Dresses,Kurti,,TRUE,Size,XXL(44),201036_Teal Green-XXL44,500,shopify,deny,manual,1995,,TRUE,TRUE,,,,,FALSE,,,166,Female,Adult,201036_Teal Green,New,FALSE,Teal Green,Embroidery Work Hand Work,Cotton Silk,Full Stitched,,,kg,,1995,TRUE,1995,,active
201037-white,White Embroidery Multi Sequance Work Kurti Set with Dupatta & Bottom,"<h3>Product Details</h3>
<ul>
<li><strong>Work Pattern:</strong> Embroidery Multi Sequance Work</li>
<li><strong>Sleeves:</strong> 3/4 Sleve</li>
<li><strong>Set Contents:</strong> Kurti :: 1 Bottom ::1 Duptta ::1</li>
</ul>

<h3>Fabric & Sizing</h3>
<ul>
</ul>

<h3>Care & Delivery</h3>
<ul>
<li><strong>Washing:</strong> Dry clean only recommended</li>
<li><strong>Drying:</strong> Dry in shade, avoid direct sunlight</li>
<li><strong>Ironing:</strong> Iron on reverse side at low heat</li>
<li><strong>Delivery:</strong> 5-7 business days within India</li>
</ul>
",Avestam,Apparel & Accessories > Clothing > Dresses,Kurti,"Kurti, White, Embroidery Work, Sequin Work, 3/4 Sleve, With Dupatta, With Bottom",TRUE,Size,M(38),201037_White-M38,500,shopify,deny,manual,1995,,TRUE,TRUE,,,,,FALSE,White Embroidery Multi Sequance Work Kurti Set with Dupatta & Bottom,White Embroidery Multi Sequance Work Kurti Set with Dupatta & Bottom,166,Female,Adult,201037_White,New,FALSE,White,Embroidery Multi Sequance Work,Cotton Silk,Full Stitched,,,kg,,1995,TRUE,1995,,active
201037-white,,,Avestam,Apparel & Accessories > Clothing > Dresses,Kurti,,TRUE,Size,L(40),201037_White-L40,500,shopify,deny,manual,1995,,TRUE,TRUE,,,,,FALSE,,,166,Female,Adult,201037_White,New,FALSE,White,Embroidery Multi Sequance Work,Cotton Silk,Full Stitched,,,kg,,1995,TRUE,1995,,active
201037-white,,,Avestam,Apparel & Accessories > Clothing > Dresses,Kurti,,TRUE,Size,XL(42),201037_White-XL42,500,shopify,deny,manual,1995,,TRUE,TRUE,,,,,FALSE,,,166,Female,Adult,201037_White,New,FALSE,White,Embroidery Multi Sequance Work,Cotton Silk,Full Stitched,,,kg,,1995,TRUE,1995,,active
201037-white,,,Avestam,Apparel & Accessories > Clothing > Dresses,Kurti,,TRUE,Size,XXL(44),201037_White-XXL44,500,shopify,deny,manual,1995,,TRUE,TRUE,,,,,FALSE,,,166,Female,Adult,201037_White,New,FALSE,White,Embroidery Multi Sequance Work,Cotton Silk,Full Stitched,,,kg,,1995,TRUE,1995,,active
201038-pink,Pink Embroidery Woven Zari Work Kurti Set with Dupatta & Bottom,"<h3>Product Details</h3>
<ul>
<li><strong>Work Pattern:</strong> Embroidery Woven Zari Work</li>
<li><strong>Sleeves:</strong> 3/4 Sleve</li>
<li><strong>Set Contents:</strong> Kurti :: 1 Bottom ::1 Duptta ::1</li>
</ul>

<h3>Fabric & Sizing</h3>
<ul>
</ul>

<h3>Care & Delivery</h3>
<ul>
<li><strong>Washing:</strong> Dry clean only recommended</li>
<li><strong>Drying:</strong> Dry in shade, avoid direct sunlight</li>
<li><strong>Ironing:</strong> Iron on reverse side at low heat</li>
<li><strong>Delivery:</strong> 5-7 business days within India</li>
</ul>
",Avestam,Apparel & Accessories > Clothing > Dresses,Kurti,"Kurti, Pink, Embroidery Work, 3/4 Sleve, With Dupatta, With Bottom",TRUE,Size,M(38),201038_Pink-M38,500,shopify,deny,manual,1995,,TRUE,TRUE,,,,,FALSE,Pink Embroidery Woven Zari Work Kurti Set with Dupatta & Bottom,Pink Embroidery Woven Zari Work Kurti Set with Dupatta & Bottom,166,Female,Adult,201038_Pink,New,FALSE,Pink,Embroidery Woven Zari Work,Silk Blend,Full Stitched,,,kg,,1995,TRUE,1995,,active
201038-pink,,,Avestam,Apparel & Accessories > Clothing > Dresses,Kurti,,TRUE,Size,L(40),201038_Pink-L40,500,shopify,deny,manual,1995,,TRUE,TRUE,,,,,FALSE,,,166,Female,Adult,201038_Pink,New,FALSE,Pink,Embroidery Woven Zari Work,Silk Blend,Full Stitched,,,kg,,1995,TRUE,1995,,active
201038-pink,,,Avestam,Apparel & Accessories > Clothing > Dresses,Kurti,,TRUE,Size,XL(42),201038_Pink-XL42,500,shopify,deny,manual,1995,,TRUE,TRUE,,,,,FALSE,,,166,Female,Adult,201038_Pink,New,FALSE,Pink,Embroidery Woven Zari Work,Silk Blend,Full Stitched,,,kg,,1995,TRUE,1995,,active
201038-pink,,,Avestam,Apparel & Accessories > Clothing > Dresses,Kurti,,TRUE,Size,XXL(44),201038_Pink-XXL44,500,shopify,deny,manual,1995,,TRUE,TRUE,,,,,FALSE,,,166,Female,Adult,201038_Pink,New,FALSE,Pink,Embroidery Woven Zari Work,Silk Blend,Full Stitched,,,kg,,1995,TRUE,1995,,active
201039-black,Black Embroidery Multi Sequance Work Kurti Set with Dupatta & Bottom,"<h3>Product Details</h3>
<ul>
<li><strong>Work Pattern:</strong> Embroidery Multi Sequance Work</li>
<li><strong>Sleeves:</strong> 3/4 Sleve</li>
<li><strong>Set Contents:</strong> Kurti :: 1 Bottom ::1 Duptta ::1</li>
</ul>

<h3>Fabric & Sizing</h3>
<ul>
</ul>

<h3>Care & Delivery</h3>
<ul>
<li><strong>Washing:</strong> Dry clean only recommended</li>
<li><strong>Drying:</strong> Dry in shade, avoid direct sunlight</li>
<li><strong>Ironing:</strong> Iron on reverse side at low heat</li>
<li><strong>Delivery:</strong> 5-7 business days within India</li>
</ul>
",Avestam,Apparel & Accessories > Clothing > Dresses,Kurti,"Kurti, Black, Embroidery Work, Sequin Work, 3/4 Sleve, With Dupatta, With Bottom",TRUE,Size,M(38),201039_Black-M38,500,shopify,deny,manual,1995,,TRUE,TRUE,,,,,FALSE,Black Embroidery Multi Sequance Work Kurti Set with Dupatta & Bottom,Black Embroidery Multi Sequance Work Kurti Set with Dupatta & Bottom,166,Female,Adult,201039_Black,New,FALSE,Black,Embroidery Multi Sequance Work,Cotton Silk,Full Stitched,,,kg,,1995,TRUE,1995,,active
201039-black,,,Avestam,Apparel & Accessories > Clothing > Dresses,Kurti,,TRUE,Size,L(40),201039_Black-L40,500,shopify,deny,manual,1995,,TRUE,TRUE,,,,,FALSE,,,166,Female,Adult,201039_Black,New,FALSE,Black,Embroidery Multi Sequance Work,Cotton Silk,Full Stitched,,,kg,,1995,TRUE,1995,,active
201039-black,,,Avestam,Apparel & Accessories > Clothing > Dresses,Kurti,,TRUE,Size,XL(42),201039_Black-XL42,500,shopify,deny,manual,1995,,TRUE,TRUE,,,,,FALSE,,,166,Female,Adult,201039_Black,New,FALSE,Black,Embroidery Multi Sequance Work,Cotton Silk,Full Stitched,,,kg,,1995,TRUE,1995,,active
201039-black,,,Avestam,Apparel & Accessories > Clothing > Dresses,Kurti,,TRUE,Size,XXL(44),201039_Black-XXL44,500,shopify,deny,manual,1995,,TRUE,TRUE,,,,,FALSE,,,166,Female,Adult,201039_Black,New,FALSE,Black,Embroidery Multi Sequance Work,Cotton Silk,Full Stitched,,,kg,,1995,TRUE,1995,,active
201039-olive-green,Olive Embroidery Multi Sequance Work Kurti Set with Dupatta & Bottom,"<h3>Product Details</h3>
<ul>
<li><strong>Work Pattern:</strong> Embroidery Multi Sequance Work</li>
<li><strong>Sleeves:</strong> 3/4 Sleve</li>
<li><strong>Set Contents:</strong> Kurti :: 1 Bottom ::1 Duptta ::1</li>
</ul>

<h3>Fabric & Sizing</h3>
<ul>
</ul>

<h3>Care & Delivery</h3>
<ul>
<li><strong>Washing:</strong> Dry clean only recommended</li>
<li><strong>Drying:</strong> Dry in shade, avoid direct sunlight</li>
<li><strong>Ironing:</strong> Iron on reverse side at low heat</li>
<li><strong>Delivery:</strong> 5-7 business days within India</li>
</ul>
",Avestam,Apparel & Accessories > Clothing > Dresses,Kurti,"Kurti, Olive, Embroidery Work, Sequin Work, 3/4 Sleve, With Dupatta, With Bottom",TRUE,Size,M(38),201039_Olive Green-M38,500,shopify,deny,manual,1995,,TRUE,TRUE,,,,,FALSE,Olive Embroidery Multi Sequance Work Kurti Set with Dupatta & Bottom,Olive Embroidery Multi Sequance Work Kurti Set with Dupatta & Bottom,166,Female,Adult,201039_Olive Green,New,FALSE,Olive,Embroidery Multi Sequance Work,Cotton Silk,Full Stitched,,,kg,,1995,TRUE,1995,,active
201039-olive-green,,,Avestam,Apparel & Accessories > Clothing > Dresses,Kurti,,TRUE,Size,L(40),201039_Olive Green-L40,500,shopify,deny,manual,1995,,TRUE,TRUE,,,,,FALSE,,,166,Female,Adult,201039_Olive Green,New,FALSE,Olive,Embroidery Multi Sequance Work,Cotton Silk,Full Stitched,,,kg,,1995,TRUE,1995,,active
201039-olive-green,,,Avestam,Apparel & Accessories > Clothing > Dresses,Kurti,,TRUE,Size,XL(42),201039_Olive Green-XL42,500,shopify,deny,manual,1995,,TRUE,TRUE,,,,,FALSE,,,166,Female,Adult,201039_Olive Green,New,FALSE,Olive,Embroidery Multi Sequance Work,Cotton Silk,Full Stitched,,,kg,,1995,TRUE,1995,,active
201039-olive-green,,,Avestam,Apparel & Accessories > Clothing > Dresses,Kurti,,TRUE,Size,XXL(44),201039_Olive Green-XXL44,500,shopify,deny,manual,1995,,TRUE,TRUE,,,,,FALSE,,,166,Female,Adult,201039_Olive Green,New,FALSE,Olive,Embroidery Multi Sequance Work,Cotton Silk,Full Stitched,,,kg,,1995,TRUE,1995,,active
201039-purple,Purple Embroidery Multi Sequance Work Kurti Set with Dupatta & Bottom,"<h3>Product Details</h3>
<ul>
<li><strong>Work Pattern:</strong> Embroidery Multi Sequance Work</li>
<li><strong>Sleeves:</strong> 3/4 Sleve</li>
<li><strong>Set Contents:</strong> Kurti :: 1 Bottom ::1 Duptta ::1</li>
</ul>

<h3>Fabric & Sizing</h3>
<ul>
</ul>

<h3>Care & Delivery</h3>
<ul>
<li><strong>Washing:</strong> Dry clean only recommended</li>
<li><strong>Drying:</strong> Dry in shade, avoid direct sunlight</li>
<li><strong>Ironing:</strong> Iron on reverse side at low heat</li>
<li><strong>Delivery:</strong> 5-7 business days within India</li>
</ul>
",Avestam,Apparel & Accessories > Clothing > Dresses,Kurti,"Kurti, Purple, Embroidery Work, Sequin Work, 3/4 Sleve, With Dupatta, With Bottom",TRUE,Size,M(38),201039_Purple-M38,500,shopify,deny,manual,1995,,TRUE,TRUE,,,,,FALSE,Purple Embroidery Multi Sequance Work Kurti Set with Dupatta & Bottom,Purple Embroidery Multi Sequance Work Kurti Set with Dupatta & Bottom,166,Female,Adult,201039_Purple,New,FALSE,Purple,Embroidery Multi Sequance Work,Cotton Silk,Full Stitched,,,kg,,1995,TRUE,1995,,active
201039-purple,,,Avestam,Apparel & Accessories > Clothing > Dresses,Kurti,,TRUE,Size,L(40),201039_Purple-L40,500,shopify,deny,manual,1995,,TRUE,TRUE,,,,,FALSE,,,166,Female,Adult,201039_Purple,New,FALSE,Purple,Embroidery Multi Sequance Work,Cotton Silk,Full Stitched,,,kg,,1995,TRUE,1995,,active
201039-purple,,,Avestam,Apparel & Accessories > Clothing > Dresses,Kurti,,TRUE,Size,XL(42),201039_Purple-XL42,500,shopify,deny,manual,1995,,TRUE,TRUE,,,,,FALSE,,,166,Female,Adult,201039_Purple,New,FALSE,Purple,Embroidery Multi Sequance Work,Cotton Silk,Full Stitched,,,kg,,1995,TRUE,1995,,active
201039-purple,,,Avestam,Apparel & Accessories > Clothing > Dresses,Kurti,,TRUE,Size,XXL(44),201039_Purple-XXL44,500,shopify,deny,manual,1995,,TRUE,TRUE,,,,,FALSE,,,166,Female,Adult,201039_Purple,New,FALSE,Purple,Embroidery Multi Sequance Work,Cotton Silk,Full Stitched,,,kg,,1995,TRUE,1995,,active